,Device.Name,AnimalID,Device.ID,Date...Time..GMT.,Date...Time..Local.,Latitude,Longitude,Altitude,Fix.Status,DOP,Temp..C.,Main..V.,Back..V.,Capture_Pasture,TimeStamp,TimeStamp1
1,HRG 196 K4,K4,41890,43309.41674,43309.0834,38.9997111,-123.0958961,223.88,3D-V Fix,1.8,22,3.52,3.52,Foster Bio,2018-7-28 03:00,7/28/18 3:00
2,HRG 194,A4,41888,43309.41701,43309.08368,39.0355447,-123.0909472,659.1,3D-V Fix,2.8,26,3.52,3.6,James I,2018-7-28 03:00,7/28/18 3:00
3,HRG 192 F2,F2,41886,43309.41733,43309.08399,39.0071478,-123.07282,350.07,3D Fix,3,26,3.52,0.16,Orchard,2018-7-28 03:00,7/28/18 3:00
4,HRG 196 K4,K4,41890,43309.45853,43309.1252,38.9996147,-123.0959656,238.69,3D-V Fix,3,20,3.52,3.52,Foster Bio,2018-7-28 04:00,7/28/18 4:00
5,HRG 194,A4,41888,43309.45898,43309.12565,39.0365797,-123.0923031,657.13,3D-V Fix,2.4,26,3.52,3.52,James I,2018-7-28 04:00,7/28/18 4:00
6,HRG 192 F2,F2,41886,43309.4595,43309.12617,NA,NA,NA,No Sats,25.4,24,3.52,0.16,Orchard,2018-7-28 04:01,7/28/18 4:01
7,HRG 194,A4,41888,43309.50005,43309.16671,39.0364961,-123.0922456,619.33,3D-V Fix,2.4,25,3.6,3.6,James I,2018-7-28 05:00,7/28/18 5:00
8,HRG 196 K4,K4,41890,43309.50035,43309.16701,38.9997153,-123.0958911,239.23,3D-V Fix,1.6,19,3.52,3.52,Foster Bio,2018-7-28 05:00,7/28/18 5:00
9,HRG 192 F2,F2,41886,43309.50219,43309.16885,NA,NA,NA,No Sats,25.4,24,3.52,0.16,Orchard,2018-7-28 05:03,7/28/18 5:03
10,HRG 194,A4,41888,43309.54184,43309.20851,39.0367508,-123.0921219,620.98,3D-V Fix,3.6,25,3.52,3.6,James I,2018-7-28 06:00,7/28/18 6:00
11,HRG 196 K4,K4,41890,43309.54185,43309.20852,38.9998214,-123.0958239,248.5,3D-V Fix,3.2,18,3.52,3.52,Foster Bio,2018-7-28 06:00,7/28/18 6:00
12,HRG 192 F2,F2,41886,43309.542,43309.20867,39.0151189,-123.06706,546.01,3D-V Fix,2.4,24,3.52,0.16,Orchard,2018-7-28 06:00,7/28/18 6:00
13,HRG 196 K4,K4,41890,43309.58368,43309.25035,38.9996561,-123.0958181,239.37,3D-V Fix,2.2,18,3.52,3.52,Foster Bio,2018-7-28 07:00,7/28/18 7:00
14,HRG 194,A4,41888,43309.58388,43309.25054,39.0366225,-123.0923517,633.79,3D-V Fix,1.8,26,3.52,3.6,James I,2018-7-28 07:00,7/28/18 7:00
15,HRG 192 F2,F2,41886,43309.58431,43309.25097,39.0182786,-123.0667522,597.53,3D-V Fix,2.8,23,3.52,0.16,Orchard,2018-7-28 07:01,7/28/18 7:01
16,HRG 194,A4,41888,43309.62512,43309.29178,39.0358467,-123.0918147,646.35,3D-V Fix,1.8,25,3.52,3.6,James I,2018-7-28 08:00,7/28/18 8:00
17,HRG 196 K4,K4,41890,43309.62515,43309.29182,39.0000106,-123.0958267,227.32,3D-V Fix,2.8,20,3.52,3.52,Foster Bio,2018-7-28 08:00,7/28/18 8:00
18,HRG 192 F2,F2,41886,43309.62522,43309.29189,39.0181389,-123.0648072,637.31,3D-V Fix,1.8,25,3.6,0.16,Orchard,2018-7-28 08:00,7/28/18 8:00
19,HRG 194,A4,41888,43309.66679,43309.33346,39.0362558,-123.0925208,628.43,3D-V Fix,2.6,26,3.52,3.52,James I,2018-7-28 09:00,7/28/18 9:00
20,HRG 192 F2,F2,41886,43309.66682,43309.33348,39.0184683,-123.0644744,636.65,3D-V Fix,3.2,32,3.6,0.08,Orchard,2018-7-28 09:00,7/28/18 9:00
21,HRG 196 K4,K4,41890,43309.66686,43309.33353,38.9998183,-123.0962669,226.67,3D-V Fix,2,22,3.52,3.52,Foster Bio,2018-7-28 09:00,7/28/18 9:00
22,HRG 194,A4,41888,43309.70855,43309.37522,39.0333031,-123.0914969,580.22,3D-V Fix,2.2,28,3.52,3.6,James I,2018-7-28 10:00,7/28/18 10:00
23,HRG 192 F2,F2,41886,43309.70861,43309.37528,39.01883,-123.0637492,687.19,3D-V Fix,4.8,30,3.6,0.08,Orchard,2018-7-28 10:00,7/28/18 10:00
24,HRG 196 K4,K4,41890,43309.70868,43309.37535,39.0006108,-123.0980453,175.23,3D-V Fix,1.8,25,3.52,3.52,Foster Bio,2018-7-28 10:00,7/28/18 10:00
25,HRG 194,A4,41888,43309.75022,43309.41689,39.0308408,-123.0904575,545.84,3D-V Fix,2,31,3.52,3.6,James I,2018-7-28 11:00,7/28/18 11:00
26,HRG 196 K4,K4,41890,43309.75025,43309.41692,39.000825,-123.0974172,188.77,3D-V Fix,3.4,31,3.52,3.6,Foster Bio,2018-7-28 11:00,7/28/18 11:00
27,HRG 192 F2,F2,41886,43309.75061,43309.41728,39.0188036,-123.06361,668.56,3D-V Fix,2.8,34,3.52,0.08,Orchard,2018-7-28 11:00,7/28/18 11:00
28,HRG 196 K4,K4,41890,43309.79184,43309.45851,39.0008567,-123.0966458,193.95,3D-V Fix,2.6,32,3.6,3.6,Foster Bio,2018-7-28 12:00,7/28/18 12:00
29,HRG 194,A4,41888,43309.7919,43309.45856,39.0322403,-123.0901722,600.35,3D-V Fix,2.4,34,3.52,3.6,James I,2018-7-28 12:00,7/28/18 12:00
30,HRG 192 F2,F2,41886,43309.79199,43309.45866,39.0187436,-123.0634078,657.71,3D-V Fix,5.2,35,3.6,0.08,Orchard,2018-7-28 12:00,7/28/18 12:00
31,HRG 192 F2,F2,41886,43309.8335,43309.50016,39.0189547,-123.0636742,619.26,3D-V Fix,4.2,37,3.6,0.08,Orchard,2018-7-28 13:00,7/28/18 13:00
32,HRG 194,A4,41888,43309.83353,43309.5002,39.032205,-123.0901681,586.12,3D-V Fix,3,35,3.52,3.6,James I,2018-7-28 13:00,7/28/18 13:00
33,HRG 196 K4,K4,41890,43309.83363,43309.5003,39.0007886,-123.0964544,196.96,3D-V Fix,3,36,3.52,3.6,Foster Bio,2018-7-28 13:00,7/28/18 13:00
34,HRG 192 F2,F2,41886,43309.87523,43309.5419,39.0187847,-123.0640261,666.37,3D-V Fix,4.2,38,3.6,0.08,Orchard,2018-7-28 14:00,7/28/18 14:00
35,HRG 196 K4,K4,41890,43309.87522,43309.54189,39.0011275,-123.0959128,218.79,3D-V Fix,4.2,39,3.6,3.6,Foster Bio,2018-7-28 14:00,7/28/18 14:00
36,HRG 194,A4,41888,43309.87543,43309.54209,39.0324331,-123.0903583,588.22,3D-V Fix,4.2,40,3.52,3.6,James I,2018-7-28 14:00,7/28/18 14:00
37,HRG 196 K4,K4,41890,43309.91699,43309.58366,39.0010644,-123.0952225,227.46,3D-V Fix,2,42,3.6,3.6,Foster Bio,2018-7-28 15:00,7/28/18 15:00
38,HRG 194,A4,41888,43309.91701,43309.58368,39.0338383,-123.0898194,637.14,3D-V Fix,2,42,3.52,3.6,James I,2018-7-28 15:00,7/28/18 15:00
39,HRG 192 F2,F2,41886,43309.91757,43309.58424,39.0188794,-123.0640544,667.7,3D Fix,3.2,39,3.52,0.08,Orchard,2018-7-28 15:01,7/28/18 15:01
40,HRG 196 K4,K4,41890,43309.95846,43309.62513,39.0011486,-123.0953658,227.03,3D-V Fix,2,40,3.6,3.6,Foster Bio,2018-7-28 16:00,7/28/18 16:00
41,HRG 194,A4,41888,43309.95859,43309.62525,39.0339758,-123.0897842,648.48,3D-V Fix,3.4,40,3.6,3.6,James I,2018-7-28 16:00,7/28/18 16:00
42,HRG 192 F2,F2,41886,43309.95896,43309.62563,39.0190189,-123.063785,643.82,3D-V Fix,2,39,3.52,0.08,Orchard,2018-7-28 16:00,7/28/18 16:00
43,HRG 194,A4,41888,43310.00022,43309.66689,39.0312792,-123.0900556,566.83,3D-V Fix,3.6,37,3.6,3.6,James I,2018-7-28 17:00,7/28/18 17:00
44,HRG 196 K4,K4,41890,43310.00035,43309.66701,39.0010783,-123.0952225,228.72,3D-V Fix,2.2,41,3.6,3.6,Foster Bio,2018-7-28 17:00,7/28/18 17:00
45,HRG 192 F2,F2,41886,43310.00056,43309.66722,39.01886,-123.0637533,665.61,3D-V Fix,2.8,39,3.52,0.08,Orchard,2018-7-28 17:00,7/28/18 17:00
46,HRG 196 K4,K4,41890,43310.04179,43309.70846,39.0010883,-123.095035,209.86,3D-V Fix,2,37,3.6,3.6,Foster Bio,2018-7-28 18:00,7/28/18 18:00
47,HRG 194,A4,41888,43310.04181,43309.70847,39.0325469,-123.0936997,467.82,3D-V Fix,2.6,38,3.6,3.6,James I,2018-7-28 18:00,7/28/18 18:00
48,HRG 192 F2,F2,41886,43310.04194,43309.70861,39.0187575,-123.0638611,678.04,3D-V Fix,1.8,37,3.6,0.08,Orchard,2018-7-28 18:00,7/28/18 18:00
49,HRG 196 K4,K4,41890,43310.08359,43309.75025,39.0010433,-123.096565,203.32,3D-V Fix,2.6,39,3.52,3.6,Foster Bio,2018-7-28 19:00,7/28/18 19:00
50,HRG 194,A4,41888,43310.08359,43309.75025,39.0323553,-123.0936014,495.67,3D-V Fix,2.2,36,3.52,3.6,James I,2018-7-28 19:00,7/28/18 19:00
51,HRG 192 F2,F2,41886,43310.08362,43309.75029,39.0187017,-123.0638733,701.57,3D-V Fix,9.8,37,3.6,0.08,Orchard,2018-7-28 19:00,7/28/18 19:00
52,HRG 196 K4,K4,41890,43310.12514,43309.79181,38.9992597,-123.0971372,239.69,3D-V Fix,5.2,33,3.6,3.6,Foster Bio,2018-7-28 20:00,7/28/18 20:00
53,HRG 192 F2,F2,41886,43310.12516,43309.79183,39.0195006,-123.0645647,671.55,3D-V Fix,2.2,33,3.6,0.08,Orchard,2018-7-28 20:00,7/28/18 20:00
54,HRG 194,A4,41888,43310.12522,43309.79189,39.0331681,-123.0949919,470.1,3D-V Fix,2.4,33,3.6,3.6,James I,2018-7-28 20:00,7/28/18 20:00
55,HRG 194,A4,41888,43310.16679,43309.83346,39.0339764,-123.0942,499.14,3D-V Fix,4.2,31,3.6,3.6,James I,2018-7-28 21:00,7/28/18 21:00
56,HRG 196 K4,K4,41890,43310.16701,43309.83368,38.9993783,-123.0970381,215.48,3D-V Fix,2,30,3.52,3.6,Foster Bio,2018-7-28 21:00,7/28/18 21:00
57,HRG 192 F2,F2,41886,43310.16738,43309.83405,39.0184189,-123.0666803,594.18,3D-V Fix,4.4,29,3.52,0.08,Orchard,2018-7-28 21:01,7/28/18 21:01
58,HRG 196 K4,K4,41890,43310.20848,43309.87515,38.9998489,-123.0953703,227.24,3D-V Fix,4,28,3.52,3.6,Foster Bio,2018-7-28 22:00,7/28/18 22:00
59,HRG 194,A4,41888,43310.20868,43309.87535,39.0339833,-123.0941356,496.62,3D-V Fix,2,29,3.52,3.6,James I,2018-7-28 22:00,7/28/18 22:00
60,HRG 192 F2,F2,41886,43310.20889,43309.87556,39.0182336,-123.0669775,602.12,3D-V Fix,2,28,3.52,0.08,Orchard,2018-7-28 22:00,7/28/18 22:00
61,HRG 192 F2,F2,41886,43310.25014,43309.91681,39.0182789,-123.0670547,611.81,3D-V Fix,2.8,28,3.6,0.08,Orchard,2018-7-28 23:00,7/28/18 23:00
62,HRG 196 K4,K4,41890,43310.25015,43309.91682,39.0010933,-123.0951736,221.91,3D-V Fix,4.8,25,3.52,3.52,Foster Bio,2018-7-28 23:00,7/28/18 23:00
63,HRG 194,A4,41888,43310.25022,43309.91689,39.0339397,-123.0941467,507.33,3D-V Fix,3.4,29,3.6,3.6,James I,2018-7-28 23:00,7/28/18 23:00
64,HRG 194,A4,41888,43310.29178,43309.95845,39.0342006,-123.0938417,524.02,3D-V Fix,3.2,28,3.6,3.6,James I,2018-7-29 00:00,7/29/18 0:00
65,HRG 196 K4,K4,41890,43310.29181,43309.95847,39.0011003,-123.0951736,222.54,3D-V Fix,4.6,25,3.52,3.52,Foster Bio,2018-7-29 00:00,7/29/18 0:00
66,HRG 192 F2,F2,41886,43310.29189,43309.95855,39.0183019,-123.0670778,586.38,3D-V Fix,4.2,28,3.6,0.08,Orchard,2018-7-29 00:00,7/29/18 0:00
67,HRG 192 F2,F2,41886,43310.33368,43310.00035,39.0182708,-123.0669631,589.07,3D-V Fix,3.6,28,3.52,0.08,Orchard,2018-7-29 01:00,7/29/18 1:00
68,HRG 196 K4,K4,41890,43310.33367,43310.00034,39.0010739,-123.0952578,229.34,3D-V Fix,2.2,23,3.52,3.52,Foster Bio,2018-7-29 01:00,7/29/18 1:00
69,HRG 194,A4,41888,43310.33368,43310.00035,39.0342328,-123.0938167,500.54,3D-V Fix,4,28,3.52,3.6,James I,2018-7-29 01:00,7/29/18 1:00
70,HRG 196 K4,K4,41890,43310.37515,43310.04182,38.9996458,-123.0958089,242.38,3D-V Fix,2.6,22,3.52,3.52,Foster Bio,2018-7-29 02:00,7/29/18 2:00
71,HRG 194,A4,41888,43310.37521,43310.04188,39.0341814,-123.0939139,507.58,3D-V Fix,3.4,27,3.6,3.6,James I,2018-7-29 02:00,7/29/18 2:00
72,HRG 192 F2,F2,41886,43310.37556,43310.04222,39.0182583,-123.0669789,587.58,3D-V Fix,2.6,25,3.52,0.16,Orchard,2018-7-29 02:00,7/29/18 2:00
73,HRG 194,A4,41888,43310.4167,43310.08337,39.0346414,-123.0938053,482.7,3D-V Fix,4.6,27,3.52,3.6,James I,2018-7-29 03:00,7/29/18 3:00
74,HRG 192 F2,F2,41886,43310.417,43310.08367,39.0184442,-123.0669844,593.92,3D-V Fix,2.2,25,3.52,0.16,Orchard,2018-7-29 03:00,7/29/18 3:00
75,HRG 196 K4,K4,41890,43310.41701,43310.08368,38.9996494,-123.0958142,232.35,3D-V Fix,2,21,3.52,3.52,Foster Bio,2018-7-29 03:00,7/29/18 3:00
76,HRG 196 K4,K4,41890,43310.45848,43310.12515,38.9997367,-123.0958125,256.95,3D-V Fix,2.8,20,3.52,3.52,Foster Bio,2018-7-29 04:00,7/29/18 4:00
77,HRG 194,A4,41888,43310.45868,43310.12535,39.0336969,-123.0929603,542.19,3D-V Fix,5.2,25,3.52,3.52,James I,2018-7-29 04:00,7/29/18 4:00
78,HRG 192 F2,F2,41886,43310.45913,43310.1258,39.0178811,-123.0656306,617.04,3D Fix,4.2,24,3.52,0.16,Orchard,2018-7-29 04:01,7/29/18 4:01
79,HRG 196 K4,K4,41890,43310.50019,43310.16685,38.9996653,-123.0958719,233.35,3D-V Fix,3.2,19,3.52,3.52,Foster Bio,2018-7-29 05:00,7/29/18 5:00
80,HRG 194,A4,41888,43310.50021,43310.16688,39.0340153,-123.0930089,609.72,3D-V Fix,4,25,3.6,3.6,James I,2018-7-29 05:00,7/29/18 5:00
81,HRG 192 F2,F2,41886,43310.50063,43310.16729,39.0187967,-123.0638172,658.4,3D-V Fix,2,24,3.52,0.16,Orchard,2018-7-29 05:00,7/29/18 5:00
82,HRG 196 K4,K4,41890,43310.542,43310.20867,38.9995578,-123.0959272,235.39,3D-V Fix,2.8,19,3.52,3.52,Foster Bio,2018-7-29 06:00,7/29/18 6:00
83,HRG 194,A4,41888,43310.54201,43310.20868,39.0342297,-123.0930425,545.43,3D-V Fix,2.6,25,3.52,3.6,James I,2018-7-29 06:00,7/29/18 6:00
84,HRG 192 F2,F2,41886,43310.54222,43310.20889,39.0187086,-123.0638156,667.27,3D-V Fix,2.4,23,3.52,0.16,Orchard,2018-7-29 06:00,7/29/18 6:00
85,HRG 192 F2,F2,41886,43310.58346,43310.25013,39.0183175,-123.0636814,666.87,3D-V Fix,4.2,24,3.6,0.16,Orchard,2018-7-29 07:00,7/29/18 7:00
86,HRG 196 K4,K4,41890,43310.58352,43310.25019,38.9996231,-123.0958156,243.9,3D-V Fix,5.2,19,3.52,3.52,Foster Bio,2018-7-29 07:00,7/29/18 7:00
87,HRG 194,A4,41888,43310.58354,43310.25021,39.0337219,-123.0929572,613.37,3D-V Fix,4.2,25,3.52,3.6,James I,2018-7-29 07:00,7/29/18 7:00
88,HRG 196 K4,K4,41890,43310.62516,43310.29183,38.9996861,-123.0957511,246.41,3D-V Fix,5,21,3.52,3.52,Foster Bio,2018-7-29 08:00,7/29/18 8:00
89,HRG 192 F2,F2,41886,43310.62535,43310.29201,39.0182289,-123.06463,666.31,3D-V Fix,5.8,26,3.52,0.16,Orchard,2018-7-29 08:00,7/29/18 8:00
90,HRG 194,A4,41888,43310.62535,43310.29201,39.0335608,-123.0926653,559.22,3D-V Fix,2,25,3.52,3.6,James I,2018-7-29 08:00,7/29/18 8:00
91,HRG 194,A4,41888,43310.66689,43310.33355,39.0320853,-123.0906356,575.51,3D-V Fix,2.4,26,3.52,3.6,James I,2018-7-29 09:00,7/29/18 9:00
92,HRG 196 K4,K4,41890,43310.66701,43310.33368,38.9995997,-123.0957803,240.76,3D-V Fix,1.8,23,3.52,3.52,Foster Bio,2018-7-29 09:00,7/29/18 9:00
93,HRG 192 F2,F2,41886,43310.66811,43310.33478,39.0184317,-123.0644667,651.21,3D-V Fix,2.2,29,3.52,0.08,Orchard,2018-7-29 09:02,7/29/18 9:02
94,HRG 192 F2,F2,41886,43310.70846,43310.37513,39.0182028,-123.0636725,665.12,3D-V Fix,3,29,3.6,0.08,Orchard,2018-7-29 10:00,7/29/18 10:00
95,HRG 196 K4,K4,41890,43310.70847,43310.37514,39.0000133,-123.0946775,228.54,3D-V Fix,2,27,3.52,3.6,Foster Bio,2018-7-29 10:00,7/29/18 10:00
96,HRG 194,A4,41888,43310.70862,43310.37529,39.03241,-123.0907792,566,3D-V Fix,2.2,33,3.52,3.6,James I,2018-7-29 10:00,7/29/18 10:00
97,HRG 196 K4,K4,41890,43310.75014,43310.41681,39.0013436,-123.0948181,241.62,3D-V Fix,4,29,3.6,3.6,Foster Bio,2018-7-29 11:00,7/29/18 11:00
98,HRG 194,A4,41888,43310.75016,43310.41683,39.0351672,-123.093275,580.62,3D-V Fix,5.4,33,3.52,3.6,James I,2018-7-29 11:00,7/29/18 11:00
99,HRG 192 F2,F2,41886,43310.75035,43310.41701,39.0184228,-123.0636092,660.37,3D-V Fix,2.4,30,3.52,0.16,Orchard,2018-7-29 11:00,7/29/18 11:00
100,HRG 192 F2,F2,41886,43310.79193,43310.4586,39.0196097,-123.0645625,658.18,3D-V Fix,1.8,33,3.6,0.08,Orchard,2018-7-29 12:00,7/29/18 12:00
101,HRG 196 K4,K4,41890,43310.79197,43310.45863,39.0010392,-123.0953489,243.62,3D-V Fix,2,33,3.52,3.6,Foster Bio,2018-7-29 12:00,7/29/18 12:00
102,HRG 194,A4,41888,43310.79222,43310.45889,39.0352553,-123.0928583,584.41,3D-V Fix,3,36,3.52,3.6,James I,2018-7-29 12:00,7/29/18 12:00
103,HRG 194,A4,41888,43310.83355,43310.50022,39.0353167,-123.0932194,582.36,3D-V Fix,2.8,37,3.52,3.6,James I,2018-7-29 13:00,7/29/18 13:00
104,HRG 192 F2,F2,41886,43310.83395,43310.50061,39.0195539,-123.0646042,653.11,3D-V Fix,4.6,35,3.52,0.08,Orchard,2018-7-29 13:00,7/29/18 13:00
105,HRG 196 K4,K4,41890,43310.83397,43310.50064,39.0010264,-123.0950103,248.56,3D-V Fix,2.8,36,3.52,3.6,Foster Bio,2018-7-29 13:00,7/29/18 13:00
106,HRG 194,A4,41888,43310.87519,43310.54185,39.0364122,-123.0924156,613.36,3D-V Fix,2.4,37,3.6,3.6,James I,2018-7-29 14:00,7/29/18 14:00
107,HRG 196 K4,K4,41890,43310.87522,43310.54189,39.0009414,-123.0949639,225.26,3D-V Fix,2,38,3.6,3.6,Foster Bio,2018-7-29 14:00,7/29/18 14:00
108,HRG 192 F2,F2,41886,43310.87529,43310.54196,39.0195708,-123.0647064,620.6,3D-V Fix,4.2,37,3.6,0.08,Orchard,2018-7-29 14:00,7/29/18 14:00
109,HRG 196 K4,K4,41890,43310.91674,43310.5834,39.0010236,-123.0952167,264.84,3D-V Fix,2,38,3.6,3.6,Foster Bio,2018-7-29 15:00,7/29/18 15:00
110,HRG 194,A4,41888,43310.91692,43310.58359,39.0364197,-123.0923142,626.64,3D-V Fix,2,38,3.52,3.6,James I,2018-7-29 15:00,7/29/18 15:00
111,HRG 192 F2,F2,41886,43310.91701,43310.58368,39.0195261,-123.0645631,655.31,3D-V Fix,2.6,37,3.6,0.08,Orchard,2018-7-29 15:00,7/29/18 15:00
112,HRG 196 K4,K4,41890,43310.95848,43310.62515,39.0008919,-123.0952497,195.5,3D-V Fix,2,38,3.6,3.6,Foster Bio,2018-7-29 16:00,7/29/18 16:00
113,HRG 194,A4,41888,43310.95853,43310.6252,39.0370892,-123.0918175,649.28,3D-V Fix,1.6,37,3.6,3.6,James I,2018-7-29 16:00,7/29/18 16:00
114,HRG 192 F2,F2,41886,43310.95889,43310.62556,39.0194756,-123.0646794,663.83,3D-V Fix,3.4,37,3.52,0.08,Orchard,2018-7-29 16:00,7/29/18 16:00
115,HRG 192 F2,F2,41886,43311.00012,43310.66678,39.0194531,-123.0646781,647.87,3D-V Fix,4.6,35,3.6,0.08,Orchard,2018-7-29 17:00,7/29/18 17:00
116,HRG 194,A4,41888,43311.00014,43310.66681,39.0369542,-123.0918631,678.87,3D-V Fix,4,36,3.6,3.6,James I,2018-7-29 17:00,7/29/18 17:00
117,HRG 196 K4,K4,41890,43311.00035,43310.66701,39.0010439,-123.0953244,222.3,3D-V Fix,2,38,3.52,3.6,Foster Bio,2018-7-29 17:00,7/29/18 17:00
118,HRG 196 K4,K4,41890,43311.04182,43310.70848,39.0004781,-123.0979478,182.31,3D-V Fix,2.2,36,3.6,3.6,Foster Bio,2018-7-29 18:00,7/29/18 18:00
119,HRG 194,A4,41888,43311.04201,43310.70868,39.0371008,-123.0917636,657.2,3D-V Fix,2,35,3.52,3.6,James I,2018-7-29 18:00,7/29/18 18:00
120,HRG 192 F2,F2,41886,43311.04231,43310.70898,39.0199261,-123.0652603,649.75,3D-V Fix,4.2,36,3.52,0.08,Orchard,2018-7-29 18:00,7/29/18 18:00
121,HRG 194,A4,41888,43311.08346,43310.75013,39.0361728,-123.0910728,654.08,3D-V Fix,2.2,32,3.6,3.6,James I,2018-7-29 19:00,7/29/18 19:00
122,HRG 192 F2,F2,41886,43311.08355,43310.75022,39.02001,-123.0674106,638.26,3D-V Fix,2.6,32,3.6,0.08,Orchard,2018-7-29 19:00,7/29/18 19:00
123,HRG 196 K4,K4,41890,43311.08367,43310.75034,38.9999222,-123.0966953,193.38,3D-V Fix,3.6,34,3.52,3.6,Foster Bio,2018-7-29 19:00,7/29/18 19:00
124,HRG 194,A4,41888,43311.12512,43310.79178,39.0365897,-123.0917233,660.5,3D-V Fix,2.8,31,3.6,3.6,James I,2018-7-29 20:00,7/29/18 20:00
125,HRG 196 K4,K4,41890,43311.12517,43310.79184,38.9997219,-123.0962186,214.48,3D-V Fix,3.4,32,3.52,3.52,Foster Bio,2018-7-29 20:00,7/29/18 20:00
126,HRG 192 F2,F2,41886,43311.12561,43310.79228,39.0195567,-123.0668356,646.37,3D-V Fix,1.6,31,3.52,0.08,Orchard,2018-7-29 20:00,7/29/18 20:00
127,HRG 196 K4,K4,41890,43311.16676,43310.83343,38.999815,-123.0963325,208.07,3D-V Fix,2.2,27,3.52,3.6,Foster Bio,2018-7-29 21:00,7/29/18 21:00
128,HRG 192 F2,F2,41886,43311.16686,43310.83353,39.0191192,-123.0649181,647.54,3D-V Fix,2.4,27,3.6,0.08,Orchard,2018-7-29 21:00,7/29/18 21:00
129,HRG 194,A4,41888,43311.16701,43310.83368,39.0363633,-123.0923408,631.18,3D-V Fix,1.6,28,3.52,3.6,James I,2018-7-29 21:00,7/29/18 21:00
130,HRG 192 F2,F2,41886,43311.20843,43310.87509,39.0174053,-123.0654542,604.42,3D-V Fix,2.4,25,3.6,0.08,Orchard,2018-7-29 22:00,7/29/18 22:00
131,HRG 196 K4,K4,41890,43311.20848,43310.87515,38.9994325,-123.0964561,230.3,3D-V Fix,3,25,3.52,3.52,Foster Bio,2018-7-29 22:00,7/29/18 22:00
132,HRG 194,A4,41888,43311.20854,43310.87521,39.0371172,-123.0917119,653.37,3D-V Fix,1.8,26,3.6,3.52,James I,2018-7-29 22:00,7/29/18 22:00
133,HRG 194,A4,41888,43311.25012,43310.91678,39.0373358,-123.0915647,639.3,3D-V Fix,2.8,26,3.52,3.6,James I,2018-7-29 23:00,7/29/18 23:00
134,HRG 192 F2,F2,41886,43311.25035,43310.91701,39.0173786,-123.0654511,604.89,3D-V Fix,2.8,25,3.52,0.16,Orchard,2018-7-29 23:00,7/29/18 23:00
135,HRG 196 K4,K4,41890,43311.25035,43310.91701,38.999615,-123.0958147,233.89,3D-V Fix,2,25,3.52,3.52,Foster Bio,2018-7-29 23:00,7/29/18 23:00
136,HRG 194,A4,41888,43311.29178,43310.95845,39.0373197,-123.0913181,639.92,3D-V Fix,3.2,26,3.6,3.52,James I,2018-7-30 00:00,7/30/18 0:00
137,HRG 192 F2,F2,41886,43311.29183,43310.9585,39.0173533,-123.0654264,611.55,3D-V Fix,3.2,25,3.6,0.16,Orchard,2018-7-30 00:00,7/30/18 0:00
138,HRG 196 K4,K4,41890,43311.29189,43310.95855,38.9997283,-123.0958183,215.17,3D-V Fix,2,25,3.52,3.52,Foster Bio,2018-7-30 00:00,7/30/18 0:00
139,HRG 196 K4,K4,41890,43311.33347,43311.00014,38.9996269,-123.0953986,235.44,3D-V Fix,2.6,23,3.52,3.52,Foster Bio,2018-7-30 01:00,7/30/18 1:00
140,HRG 194,A4,41888,43311.33368,43311.00035,39.0363267,-123.09122,666.34,3D-V Fix,1.8,25,3.52,3.52,James I,2018-7-30 01:00,7/30/18 1:00
141,HRG 192 F2,F2,41886,43311.33404,43311.00071,39.0173225,-123.0653722,611,3D-V Fix,6.4,24,3.52,0.16,Orchard,2018-7-30 01:01,7/30/18 1:01
142,HRG 194,A4,41888,43311.37521,43311.04188,39.0361092,-123.0911406,653.27,3D-V Fix,1.8,25,3.52,3.6,James I,2018-7-30 02:00,7/30/18 2:00
143,HRG 196 K4,K4,41890,43311.37532,43311.04199,38.9990075,-123.0955189,234.57,3D-V Fix,1.6,22,3.52,3.52,Foster Bio,2018-7-30 02:00,7/30/18 2:00
144,HRG 192 F2,F2,41886,43311.37556,43311.04222,39.0182283,-123.0650131,621.89,3D-V Fix,4,22,3.52,0.16,Orchard,2018-7-30 02:00,7/30/18 2:00
145,HRG 194,A4,41888,43311.41669,43311.08336,39.0364497,-123.0913044,655.87,3D-V Fix,1.8,24,3.52,3.6,James I,2018-7-30 03:00,7/30/18 3:00
146,HRG 192 F2,F2,41886,43311.41678,43311.08345,39.0189197,-123.0649353,643.12,3D-V Fix,2.6,23,3.6,0.16,Orchard,2018-7-30 03:00,7/30/18 3:00
147,HRG 196 K4,K4,41890,43311.41736,43311.08403,38.9987283,-123.0962028,231.52,3D-V Fix,2.4,21,3.52,3.52,Foster Bio,2018-7-30 03:00,7/30/18 3:00
148,HRG 196 K4,K4,41890,43311.45846,43311.12513,38.9985939,-123.0962139,234.06,3D-V Fix,3.2,21,3.52,3.52,Foster Bio,2018-7-30 04:00,7/30/18 4:00
149,HRG 192 F2,F2,41886,43311.45868,43311.12535,39.0200003,-123.0665272,677.72,3D-V Fix,3.2,23,3.52,0.16,Orchard,2018-7-30 04:00,7/30/18 4:00
150,HRG 194,A4,41888,43311.45868,43311.12535,39.0363831,-123.0912308,650.69,3D-V Fix,1.8,24,3.52,3.52,James I,2018-7-30 04:00,7/30/18 4:00
151,HRG 196 K4,K4,41890,43311.50013,43311.16679,38.9986614,-123.0961103,229.55,3D-V Fix,3.2,20,3.52,3.52,Foster Bio,2018-7-30 05:00,7/30/18 5:00
152,HRG 194,A4,41888,43311.50021,43311.16688,39.0368747,-123.0936789,599.25,3D-V Fix,2,24,3.52,3.6,James I,2018-7-30 05:00,7/30/18 5:00
153,HRG 192 F2,F2,41886,43311.50056,43311.16722,39.0199444,-123.0664217,674.26,3D-V Fix,2.2,25,3.52,0.16,Orchard,2018-7-30 05:00,7/30/18 5:00
154,HRG 192 F2,F2,41886,43311.54178,43311.20845,39.0199711,-123.0665264,665.83,3D-V Fix,2,25,3.6,0.16,Orchard,2018-7-30 06:00,7/30/18 6:00
155,HRG 194,A4,41888,43311.54182,43311.20848,39.0368286,-123.0925639,627.81,3D-V Fix,1.8,24,3.52,3.6,James I,2018-7-30 06:00,7/30/18 6:00
156,HRG 196 K4,K4,41890,43311.54201,43311.20868,38.9986044,-123.0961592,232.59,3D-V Fix,2.6,20,3.52,3.52,Foster Bio,2018-7-30 06:00,7/30/18 6:00
157,HRG 196 K4,K4,41890,43311.58356,43311.25023,38.9986311,-123.096075,225.79,3D-V Fix,3.4,19,3.52,3.52,Foster Bio,2018-7-30 07:00,7/30/18 7:00
158,HRG 194,A4,41888,43311.58388,43311.25054,39.0361469,-123.0927681,625.86,3D-V Fix,2.2,24,3.52,3.6,James I,2018-7-30 07:00,7/30/18 7:00
159,HRG 192 F2,F2,41886,43311.58396,43311.25063,39.0200261,-123.0667408,669.43,3D-V Fix,2.2,23,3.52,0.16,Orchard,2018-7-30 07:00,7/30/18 7:00
160,HRG 194,A4,41888,43311.62521,43311.29188,39.03672,-123.09277,629.95,3D-V Fix,2.2,26,3.52,3.6,James I,2018-7-30 08:00,7/30/18 8:00
161,HRG 192 F2,F2,41886,43311.62528,43311.29194,39.019795,-123.0671406,643.89,3D-V Fix,2.6,23,3.6,0.16,Orchard,2018-7-30 08:00,7/30/18 8:00
162,HRG 196 K4,K4,41890,43311.6253,43311.29197,38.9987119,-123.0960167,224.21,3D-V Fix,1.4,20,3.52,3.52,Foster Bio,2018-7-30 08:00,7/30/18 8:00
163,HRG 196 K4,K4,41890,43311.66678,43311.33345,38.9985125,-123.0962306,235.66,3D-V Fix,2.4,23,3.52,3.52,Foster Bio,2018-7-30 09:00,7/30/18 9:00
164,HRG 192 F2,F2,41886,43311.66682,43311.33348,39.0208144,-123.0681047,605.9,3D-V Fix,3.4,27,3.6,0.16,Orchard,2018-7-30 09:00,7/30/18 9:00
165,HRG 194,A4,41888,43311.66701,43311.33368,39.0327706,-123.0908783,562.64,3D-V Fix,2.2,27,3.52,3.6,James I,2018-7-30 09:00,7/30/18 9:00
166,HRG 194,A4,41888,43311.70845,43311.37512,39.0322142,-123.0901389,584.84,3D-V Fix,2.8,30,3.52,3.6,James I,2018-7-30 10:00,7/30/18 10:00
167,HRG 196 K4,K4,41890,43311.70847,43311.37514,38.9991739,-123.0950578,248.29,3D-V Fix,2.6,27,3.52,3.6,Foster Bio,2018-7-30 10:00,7/30/18 10:00
168,HRG 192 F2,F2,41886,43311.70868,43311.37535,39.0206794,-123.0679017,645.05,3D-V Fix,3.8,28,3.52,0.16,Orchard,2018-7-30 10:00,7/30/18 10:00
169,HRG 196 K4,K4,41890,43311.75022,43311.41689,38.9995297,-123.0975,204.28,3D-V Fix,1.2,31,3.52,3.6,Foster Bio,2018-7-30 11:00,7/30/18 11:00
170,HRG 194,A4,41888,43311.75027,43311.41693,39.0342619,-123.0932036,558.49,3D-V Fix,2.2,32,3.52,3.6,James I,2018-7-30 11:00,7/30/18 11:00
171,HRG 192 F2,F2,41886,43311.75069,43311.41736,39.02084,-123.068355,678.6,3D-V Fix,4,33,3.52,0.16,Orchard,2018-7-30 11:00,7/30/18 11:00
172,HRG 192 F2,F2,41886,43311.79188,43311.45854,39.0210728,-123.0683197,632.45,3D-V Fix,2.4,35,3.6,0.08,Orchard,2018-7-30 12:00,7/30/18 12:00
173,HRG 196 K4,K4,41890,43311.79188,43311.45854,39.0005267,-123.0980492,174.07,3D-V Fix,1.6,36,3.6,3.6,Foster Bio,2018-7-30 12:00,7/30/18 12:00
174,HRG 194,A4,41888,43311.79223,43311.4589,39.0345689,-123.0936592,557.74,3D-V Fix,3.4,33,3.52,3.6,James I,2018-7-30 12:00,7/30/18 12:00
175,HRG 194,A4,41888,43311.83336,43311.50002,39.0346528,-123.0936242,533.55,3D-V Fix,2.6,36,3.6,3.6,James I,2018-7-30 13:00,7/30/18 13:00
176,HRG 196 K4,K4,41890,43311.83353,43311.5002,39.0010431,-123.0952636,220.86,3D-V Fix,4.8,39,3.6,3.6,Foster Bio,2018-7-30 13:00,7/30/18 13:00
177,HRG 192 F2,F2,41886,43311.83355,43311.50022,39.0206425,-123.0681692,659.62,3D-V Fix,4.2,36,3.52,0.08,Orchard,2018-7-30 13:00,7/30/18 13:00
178,HRG 194,A4,41888,43311.87513,43311.54179,39.0345317,-123.0934083,545.39,3D-V Fix,4.2,37,3.6,3.6,James I,2018-7-30 14:00,7/30/18 14:00
179,HRG 196 K4,K4,41890,43311.87515,43311.54182,39.0013456,-123.0946992,271.55,3D-V Fix,4.2,39,3.6,3.6,Foster Bio,2018-7-30 14:00,7/30/18 14:00
180,HRG 192 F2,F2,41886,43311.87527,43311.54193,39.0209317,-123.0685194,632.72,3D-V Fix,2,37,3.6,0.08,Orchard,2018-7-30 14:00,7/30/18 14:00
181,HRG 192 F2,F2,41886,43311.91701,43311.58368,39.0209925,-123.0684203,638.68,3D-V Fix,2.4,37,3.6,0.08,Orchard,2018-7-30 15:00,7/30/18 15:00
182,HRG 196 K4,K4,41890,43311.91701,43311.58368,39.0009222,-123.0949614,231.05,3D-V Fix,1.6,39,3.6,3.6,Foster Bio,2018-7-30 15:00,7/30/18 15:00
183,HRG 194,A4,41888,43311.91701,43311.58368,39.0344211,-123.0934097,549.38,3D-V Fix,2.4,38,3.52,3.6,James I,2018-7-30 15:00,7/30/18 15:00
184,HRG 196 K4,K4,41890,43311.95855,43311.62522,39.0009214,-123.0949194,226.39,3D-V Fix,2.6,38,3.6,3.6,Foster Bio,2018-7-30 16:00,7/30/18 16:00
185,HRG 194,A4,41888,43311.95889,43311.62556,39.0344506,-123.0933572,537.44,3D-V Fix,3.6,37,3.52,3.6,James I,2018-7-30 16:00,7/30/18 16:00
186,HRG 192 F2,F2,41886,43311.95896,43311.62563,39.0209792,-123.0684169,635.71,3D-V Fix,2.2,36,3.52,0.08,Orchard,2018-7-30 16:00,7/30/18 16:00
187,HRG 194,A4,41888,43312.0001,43311.66677,39.0344803,-123.0933131,547.66,3D-V Fix,3.4,37,3.6,3.6,James I,2018-7-30 17:00,7/30/18 17:00
188,HRG 196 K4,K4,41890,43312.00013,43311.66679,39.0001767,-123.0943542,244.3,3D-V Fix,3,37,3.6,3.6,Foster Bio,2018-7-30 17:00,7/30/18 17:00
189,HRG 192 F2,F2,41886,43312.00019,43311.66685,39.0210022,-123.0674139,632.57,3D-V Fix,3.8,36,3.6,0.08,Orchard,2018-7-30 17:00,7/30/18 17:00
190,HRG 194,A4,41888,43312.04177,43311.70844,39.0341147,-123.0931247,556.41,3D-V Fix,8.8,36,3.6,3.6,James I,2018-7-30 18:00,7/30/18 18:00
191,HRG 196 K4,K4,41890,43312.04178,43311.70845,38.9995514,-123.0944261,239.42,3D-V Fix,2.2,34,3.6,3.6,Foster Bio,2018-7-30 18:00,7/30/18 18:00
192,HRG 192 F2,F2,41886,43312.04225,43311.70891,39.0190708,-123.0655631,622.41,3D-V Fix,4,37,3.52,0.08,Orchard,2018-7-30 18:00,7/30/18 18:00
193,HRG 196 K4,K4,41890,43312.08367,43311.75034,38.9995853,-123.0945536,234.8,3D-V Fix,3,32,3.52,3.6,Foster Bio,2018-7-30 19:00,7/30/18 19:00
194,HRG 194,A4,41888,43312.08396,43311.75063,39.0362197,-123.0924225,634.95,3D-V Fix,3,35,3.52,3.6,James I,2018-7-30 19:00,7/30/18 19:00
195,HRG 192 F2,F2,41886,43312.08457,43311.75124,39.0188892,-123.0648856,653.65,3D-V Fix,5.2,35,3.52,0.08,Orchard,2018-7-30 19:01,7/30/18 19:01
196,HRG 194,A4,41888,43312.12519,43311.79185,39.0362803,-123.0922025,652.08,3D-V Fix,2.4,30,3.6,3.6,James I,2018-7-30 20:00,7/30/18 20:00
197,HRG 196 K4,K4,41890,43312.12521,43311.79188,38.9998753,-123.0943886,244.3,3D-V Fix,2.4,28,3.6,3.6,Foster Bio,2018-7-30 20:00,7/30/18 20:00
198,HRG 192 F2,F2,41886,43312.12527,43311.79193,39.0189025,-123.0647833,658.18,3D-V Fix,3.6,31,3.6,0.08,Orchard,2018-7-30 20:00,7/30/18 20:00
199,HRG 194,A4,41888,43312.16677,43311.83344,39.0355928,-123.0906108,662.04,3D-V Fix,4.2,28,3.6,3.6,James I,2018-7-30 21:00,7/30/18 21:00
200,HRG 196 K4,K4,41890,43312.16679,43311.83346,38.9999775,-123.0947036,230.28,3D-V Fix,4.2,26,3.52,3.52,Foster Bio,2018-7-30 21:00,7/30/18 21:00
201,HRG 192 F2,F2,41886,43312.16714,43311.83381,39.0191733,-123.0649661,651.27,3D-V Fix,2,30,3.52,0.08,Orchard,2018-7-30 21:00,7/30/18 21:00
202,HRG 192 F2,F2,41886,43312.20858,43311.87524,39.0190094,-123.0649944,634,3D-V Fix,3.2,26,3.6,0.08,Orchard,2018-7-30 22:00,7/30/18 22:00
203,HRG 196 K4,K4,41890,43312.20862,43311.87529,38.9999386,-123.0946336,234.01,3D-V Fix,1.8,25,3.52,3.52,Foster Bio,2018-7-30 22:00,7/30/18 22:00
204,HRG 194,A4,41888,43312.20868,43311.87535,39.0357478,-123.0901767,658.29,3D-V Fix,2,26,3.52,3.6,James I,2018-7-30 22:00,7/30/18 22:00
205,HRG 194,A4,41888,43312.25019,43311.91685,39.0356675,-123.0903147,653.4,3D-V Fix,3.6,25,3.6,3.6,James I,2018-7-30 23:00,7/30/18 23:00
206,HRG 196 K4,K4,41890,43312.25022,43311.91689,38.9991803,-123.0947483,261.71,3D-V Fix,3.2,24,3.52,3.52,Foster Bio,2018-7-30 23:00,7/30/18 23:00
207,HRG 192 F2,F2,41886,43312.25056,43311.91722,39.0190186,-123.0648783,626.39,3D-V Fix,2.6,26,3.52,0.16,Orchard,2018-7-30 23:00,7/30/18 23:00
208,HRG 192 F2,F2,41886,43312.29176,43311.95843,39.0187331,-123.0650697,657.58,3D-V Fix,3,24,3.6,0.16,Orchard,2018-7-31 00:00,7/31/18 0:00
209,HRG 196 K4,K4,41890,43312.29181,43311.95847,38.9994353,-123.0949525,242.64,3D-V Fix,3.4,23,3.52,3.52,Foster Bio,2018-7-31 00:00,7/31/18 0:00
210,HRG 194,A4,41888,43312.29201,43311.95868,39.0357081,-123.0902614,668.52,3D-V Fix,1.4,25,3.52,3.6,James I,2018-7-31 00:00,7/31/18 0:00
211,HRG 194,A4,41888,43312.33358,43312.00024,39.0355556,-123.0902358,654.47,3D-V Fix,2.8,24,3.52,3.6,James I,2018-7-31 01:00,7/31/18 1:00
212,HRG 192 F2,F2,41886,43312.33368,43312.00035,39.0188372,-123.0649969,641.71,3D-V Fix,1.8,25,3.52,0.16,Orchard,2018-7-31 01:00,7/31/18 1:00
213,HRG 196 K4,K4,41890,43312.33368,43312.00035,38.9991547,-123.0951153,246.14,3D-V Fix,1.8,22,3.52,3.52,Foster Bio,2018-7-31 01:00,7/31/18 1:00
214,HRG 192 F2,F2,41886,43312.37519,43312.04185,39.0187081,-123.0648139,626.03,3D-V Fix,2,25,3.6,0.16,Orchard,2018-7-31 02:00,7/31/18 2:00
215,HRG 194,A4,41888,43312.37519,43312.04185,39.0356078,-123.0906303,664.78,3D-V Fix,1.8,25,3.52,3.6,James I,2018-7-31 02:00,7/31/18 2:00
216,HRG 196 K4,K4,41890,43312.37556,43312.04222,38.9986172,-123.0961394,227.68,3D-V Fix,1.8,22,3.52,3.52,Foster Bio,2018-7-31 02:00,7/31/18 2:00
217,HRG 196 K4,K4,41890,43312.41677,43312.08344,38.9986033,-123.0961394,226.42,3D-V Fix,2.4,22,3.52,3.52,Foster Bio,2018-7-31 03:00,7/31/18 3:00
218,HRG 194,A4,41888,43312.41689,43312.08355,39.0355478,-123.0905458,680.91,3D-V Fix,2.2,25,3.52,3.6,James I,2018-7-31 03:00,7/31/18 3:00
219,HRG 192 F2,F2,41886,43312.41736,43312.08403,39.0188314,-123.0648653,637.76,3D-V Fix,3,23,3.52,0.16,Orchard,2018-7-31 03:00,7/31/18 3:00
220,HRG 194,A4,41888,43312.45852,43312.12519,39.0354369,-123.0904742,659.59,3D-V Fix,3.2,24,3.52,3.6,James I,2018-7-31 04:00,7/31/18 4:00
221,HRG 196 K4,K4,41890,43312.45872,43312.12538,38.9986161,-123.0961919,242.15,3D-V Fix,1.8,21,3.52,3.52,Foster Bio,2018-7-31 04:00,7/31/18 4:00
222,HRG 192 F2,F2,41886,43312.45885,43312.12552,39.0188589,-123.0649064,635.56,3D-V Fix,4,24,3.52,0.16,Orchard,2018-7-31 04:00,7/31/18 4:00
223,HRG 196 K4,K4,41890,43312.5001,43312.16677,38.9985147,-123.0963672,224.26,3D-V Fix,1.6,20,3.52,3.52,Foster Bio,2018-7-31 05:00,7/31/18 5:00
224,HRG 194,A4,41888,43312.5001,43312.16677,39.0355814,-123.0905406,663.6,3D-V Fix,3.2,23,3.52,3.6,James I,2018-7-31 05:00,7/31/18 5:00
225,HRG 192 F2,F2,41886,43312.5009,43312.16757,39.0189,-123.0637703,647.41,3D Fix,7.2,23,3.52,0.16,Orchard,2018-7-31 05:01,7/31/18 5:01
226,HRG 196 K4,K4,41890,43312.54177,43312.20844,38.9985558,-123.0961633,239.27,3D-V Fix,1.8,20,3.52,3.52,Foster Bio,2018-7-31 06:00,7/31/18 6:00
227,HRG 192 F2,F2,41886,43312.54188,43312.20854,39.0180367,-123.0635083,673.58,3D-V Fix,3.6,21,3.6,0.16,Orchard,2018-7-31 06:00,7/31/18 6:00
228,HRG 194,A4,41888,43312.54201,43312.20868,39.0362847,-123.0913031,657.81,3D-V Fix,2,24,3.52,3.6,James I,2018-7-31 06:00,7/31/18 6:00
229,HRG 194,A4,41888,43312.58352,43312.25019,39.0363508,-123.0917722,647.16,3D-V Fix,3.2,23,3.52,3.6,James I,2018-7-31 07:00,7/31/18 7:00
230,HRG 196 K4,K4,41890,43312.58367,43312.25034,38.9985681,-123.0961058,240.78,3D-V Fix,2.4,20,3.52,3.52,Foster Bio,2018-7-31 07:00,7/31/18 7:00
231,HRG 192 F2,F2,41886,43312.58389,43312.25056,39.0181289,-123.06358,662.52,3D-V Fix,3.8,23,3.52,0.16,Orchard,2018-7-31 07:00,7/31/18 7:00
232,HRG 192 F2,F2,41886,43312.62512,43312.29178,39.018175,-123.0634697,683.22,3D-V Fix,2.8,23,3.6,0.16,Orchard,2018-7-31 08:00,7/31/18 8:00
233,HRG 196 K4,K4,41890,43312.62512,43312.29178,38.9983861,-123.0963172,225.98,3D-V Fix,2,21,3.52,3.52,Foster Bio,2018-7-31 08:00,7/31/18 8:00
234,HRG 194,A4,41888,43312.62522,43312.29189,39.0348542,-123.0920969,626.66,3D-V Fix,1.8,24,3.52,3.6,James I,2018-7-31 08:00,7/31/18 8:00
235,HRG 196 K4,K4,41890,43312.66685,43312.33352,38.9994803,-123.0959497,226.96,3D-V Fix,5.2,22,3.52,3.52,Foster Bio,2018-7-31 09:00,7/31/18 9:00
236,HRG 194,A4,41888,43312.66685,43312.33352,39.0361986,-123.0924183,621.98,3D-V Fix,2.2,25,3.52,3.6,James I,2018-7-31 09:00,7/31/18 9:00
237,HRG 192 F2,F2,41886,43312.66749,43312.33416,39.017995,-123.0649714,631.64,3D-V Fix,3.4,25,3.52,0.16,Orchard,2018-7-31 09:01,7/31/18 9:01
238,HRG 194,A4,41888,43312.70834,43312.37501,39.0362814,-123.09267,616.99,3D-V Fix,3,28,3.52,3.6,James I,2018-7-31 10:00,7/31/18 10:00
239,HRG 196 K4,K4,41890,43312.70867,43312.37534,38.9995808,-123.0953925,237,3D-V Fix,5.8,27,3.52,3.6,Foster Bio,2018-7-31 10:00,7/31/18 10:00
240,HRG 192 F2,F2,41886,43312.70918,43312.37584,39.0181336,-123.0687733,620.58,3D Fix,4.2,27,3.52,0.16,Orchard,2018-7-31 10:01,7/31/18 10:01
241,HRG 194,A4,41888,43312.7501,43312.41677,39.0361986,-123.0945411,544.17,3D-V Fix,4.4,32,3.52,3.6,James I,2018-7-31 11:00,7/31/18 11:00
242,HRG 192 F2,F2,41886,43312.75035,43312.41701,39.0186225,-123.0688725,598.06,3D-V Fix,4,32,3.52,0.08,Orchard,2018-7-31 11:00,7/31/18 11:00
243,HRG 196 K4,K4,41890,43312.7506,43312.41727,39.0009189,-123.0953292,226.75,3D-V Fix,4.4,31,3.52,3.6,Foster Bio,2018-7-31 11:00,7/31/18 11:00
244,HRG 192 F2,F2,41886,43312.79186,43312.45853,39.0185703,-123.0687725,584.56,3D-V Fix,2.4,32,3.6,0.08,Orchard,2018-7-31 12:00,7/31/18 12:00
245,HRG 194,A4,41888,43312.79201,43312.45868,39.0357631,-123.0942736,557.76,3D-V Fix,2.2,34,3.52,3.6,James I,2018-7-31 12:00,7/31/18 12:00
246,HRG 196 K4,K4,41890,43312.79225,43312.45891,39.0007881,-123.0974278,195.43,3D-V Fix,1.6,36,3.52,3.6,Foster Bio,2018-7-31 12:00,7/31/18 12:00
247,HRG 194,A4,41888,43312.83344,43312.5001,39.0358083,-123.0941811,565.87,3D-V Fix,2.6,38,3.52,3.6,James I,2018-7-31 13:00,7/31/18 13:00
248,HRG 196 K4,K4,41890,43312.83363,43312.5003,39.0007997,-123.0965058,198.61,3D-V Fix,2.6,38,3.52,3.52,Foster Bio,2018-7-31 13:00,7/31/18 13:00
249,HRG 192 F2,F2,41886,43312.83368,43312.50035,39.0185925,-123.0689725,568.82,3D-V Fix,2.8,37,3.6,0.08,Orchard,2018-7-31 13:00,7/31/18 13:00
250,HRG 194,A4,41888,43312.87509,43312.54176,39.0353181,-123.0940311,561.54,3D-V Fix,2,37,3.6,3.6,James I,2018-7-31 14:00,7/31/18 14:00
251,HRG 196 K4,K4,41890,43312.87512,43312.54178,39.0008467,-123.0965083,195.34,3D-V Fix,2.4,37,3.6,3.6,Foster Bio,2018-7-31 14:00,7/31/18 14:00
252,HRG 192 F2,F2,41886,43312.87517,43312.54184,39.0186228,-123.0687736,567.85,3D-V Fix,2.6,37,3.6,0.08,Orchard,2018-7-31 14:00,7/31/18 14:00
253,HRG 194,A4,41888,43312.91689,43312.58355,39.0353203,-123.0935606,564.43,3D-V Fix,1.6,37,3.52,3.6,James I,2018-7-31 15:00,7/31/18 15:00
254,HRG 196 K4,K4,41890,43312.91701,43312.58368,39.0007611,-123.0965006,205.49,3D-V Fix,2.4,37,3.52,3.6,Foster Bio,2018-7-31 15:00,7/31/18 15:00
255,HRG 192 F2,F2,41886,43312.91735,43312.58402,39.0187967,-123.0688019,545.62,3D-V Fix,4.4,37,3.52,0.08,Orchard,2018-7-31 15:00,7/31/18 15:00
256,HRG 192 F2,F2,41886,43312.95852,43312.62519,39.0187947,-123.0690547,577.63,3D-V Fix,3.2,38,3.6,0.08,Orchard,2018-7-31 16:00,7/31/18 16:00
257,HRG 194,A4,41888,43312.95853,43312.6252,39.0354119,-123.0935117,564.54,3D-V Fix,3.2,38,3.6,3.6,James I,2018-7-31 16:00,7/31/18 16:00
258,HRG 196 K4,K4,41890,43312.9586,43312.62527,39.0008156,-123.0955378,221.86,3D-V Fix,3.8,38,3.52,3.6,Foster Bio,2018-7-31 16:00,7/31/18 16:00
259,HRG 194,A4,41888,43313.0001,43312.66677,39.0370781,-123.092815,628.56,3D-V Fix,3.6,37,3.6,3.6,James I,2018-7-31 17:00,7/31/18 17:00
260,HRG 196 K4,K4,41890,43313.00022,43312.66689,39.0005125,-123.094825,241.13,3D-V Fix,3.6,37,3.6,3.6,Foster Bio,2018-7-31 17:00,7/31/18 17:00
261,HRG 192 F2,F2,41886,43313.00035,43312.66701,39.018885,-123.0688136,608.17,3D-V Fix,2.2,36,3.52,0.08,Orchard,2018-7-31 17:00,7/31/18 17:00
262,HRG 192 F2,F2,41886,43313.04196,43312.70862,39.0187989,-123.0691744,588.2,3D-V Fix,2.4,36,3.52,0.08,Orchard,2018-7-31 18:00,7/31/18 18:00
263,HRG 194,A4,41888,43313.04196,43312.70862,39.0368881,-123.092615,629.18,3D-V Fix,1.8,36,3.52,3.6,James I,2018-7-31 18:00,7/31/18 18:00
264,HRG 196 K4,K4,41890,43313.04201,43312.70868,39.0009264,-123.09493,236.82,3D-V Fix,1.6,36,3.52,3.6,Foster Bio,2018-7-31 18:00,7/31/18 18:00
265,HRG 194,A4,41888,43313.08352,43312.75019,39.0369114,-123.0925711,643.47,3D-V Fix,7.2,33,3.6,3.6,James I,2018-7-31 19:00,7/31/18 19:00
266,HRG 192 F2,F2,41886,43313.08354,43312.75021,39.018065,-123.0667844,577.56,3D-V Fix,5.2,35,3.6,0.08,Orchard,2018-7-31 19:00,7/31/18 19:00
267,HRG 196 K4,K4,41890,43313.08354,43312.75021,39.0009556,-123.0949147,213.76,3D-V Fix,3.8,35,3.6,3.6,Foster Bio,2018-7-31 19:00,7/31/18 19:00
268,HRG 196 K4,K4,41890,43313.12513,43312.79179,39.0008842,-123.0944242,234.68,3D-V Fix,5.6,31,3.6,3.6,Foster Bio,2018-7-31 20:00,7/31/18 20:00
269,HRG 192 F2,F2,41886,43313.12521,43312.79188,39.0174039,-123.0653597,620.48,3D-V Fix,3,31,3.6,0.08,Orchard,2018-7-31 20:00,7/31/18 20:00
270,HRG 194,A4,41888,43313.12522,43312.79189,39.0378836,-123.0915686,664.33,3D-V Fix,1.2,31,3.52,3.6,James I,2018-7-31 20:00,7/31/18 20:00
271,HRG 194,A4,41888,43313.16684,43312.83351,39.0366608,-123.0904294,666.63,3D-V Fix,1.6,27,3.6,3.6,James I,2018-7-31 21:00,7/31/18 21:00
272,HRG 196 K4,K4,41890,43313.16699,43312.83366,38.9996153,-123.0970519,213.21,3D-V Fix,1.8,28,3.52,3.6,Foster Bio,2018-7-31 21:00,7/31/18 21:00
273,HRG 192 F2,F2,41886,43313.16701,43312.83368,39.0171822,-123.0653614,619.1,3D-V Fix,2.8,30,3.52,0.08,Orchard,2018-7-31 21:00,7/31/18 21:00
274,HRG 194,A4,41888,43313.20843,43312.87509,39.0366489,-123.0904122,687.34,3D-V Fix,1.8,26,3.6,3.6,James I,2018-7-31 22:00,7/31/18 22:00
275,HRG 196 K4,K4,41890,43313.20852,43312.87519,39.0000039,-123.0980442,177.4,3D-V Fix,3.6,23,3.52,3.52,Foster Bio,2018-7-31 22:00,7/31/18 22:00
276,HRG 192 F2,F2,41886,43313.20895,43312.87561,39.0173256,-123.0653853,613.76,3D-V Fix,1.6,27,3.52,0.08,Orchard,2018-7-31 22:00,7/31/18 22:00
277,HRG 196 K4,K4,41890,43313.2501,43312.91677,39.0002061,-123.0979486,167.15,3D-V Fix,7.4,22,3.52,3.52,Foster Bio,2018-7-31 23:00,7/31/18 23:00
278,HRG 192 F2,F2,41886,43313.25016,43312.91683,39.0173756,-123.0653636,624.36,3D-V Fix,2,25,3.6,0.08,Orchard,2018-7-31 23:00,7/31/18 23:00
279,HRG 194,A4,41888,43313.25025,43312.91692,39.0367194,-123.0903819,677.67,3D-V Fix,2.8,25,3.52,3.6,James I,2018-7-31 23:00,7/31/18 23:00
280,HRG 192 F2,F2,41886,43313.29184,43312.95851,39.0180733,-123.0636781,643.13,3D-V Fix,2,23,3.6,0.16,Orchard,2018-8-1 00:00,8/1/18 0:00
281,HRG 194,A4,41888,43313.29185,43312.95852,39.0361147,-123.0899972,689.03,3D-V Fix,3.4,25,3.52,3.6,James I,2018-8-1 00:00,8/1/18 0:00
282,HRG 196 K4,K4,41890,43313.29201,43312.95868,38.9998206,-123.0976633,197.77,3D-V Fix,1.6,21,3.52,3.52,Foster Bio,2018-8-1 00:00,8/1/18 0:00
283,HRG 196 K4,K4,41890,43313.33352,43313.00019,38.999405,-123.0971653,210.24,3D-V Fix,2,23,3.52,3.52,Foster Bio,2018-8-1 01:00,8/1/18 1:00
284,HRG 194,A4,41888,43313.33368,43313.00035,39.0360267,-123.0903231,672.5,3D-V Fix,2,24,3.52,3.6,James I,2018-8-1 01:00,8/1/18 1:00
285,HRG 192 F2,F2,41886,43313.33389,43313.00056,39.0180969,-123.0634811,695.48,3D-V Fix,9,24,3.52,0.16,Orchard,2018-8-1 01:00,8/1/18 1:00
286,HRG 196 K4,K4,41890,43313.37512,43313.04178,38.998955,-123.0959094,229.04,3D-V Fix,3.4,22,3.52,3.52,Foster Bio,2018-8-1 02:00,8/1/18 2:00
287,HRG 194,A4,41888,43313.37517,43313.04184,39.0358303,-123.0904031,688.29,3D-V Fix,2.2,22,3.52,3.6,James I,2018-8-1 02:00,8/1/18 2:00
288,HRG 192 F2,F2,41886,43313.37534,43313.042,39.0181075,-123.0633994,679.74,3D-V Fix,2.2,23,3.52,0.16,Orchard,2018-8-1 02:00,8/1/18 2:00
289,HRG 194,A4,41888,43313.41693,43313.0836,39.0345378,-123.0908744,644.58,3D-V Fix,1.6,23,3.52,3.6,James I,2018-8-1 03:00,8/1/18 3:00
290,HRG 196 K4,K4,41890,43313.41701,43313.08368,38.9985703,-123.0961597,234.13,3D-V Fix,1.8,22,3.52,3.52,Foster Bio,2018-8-1 03:00,8/1/18 3:00
291,HRG 192 F2,F2,41886,43313.41706,43313.08373,39.0179928,-123.0633989,695.48,3D-V Fix,2.4,25,3.52,0.16,Orchard,2018-8-1 03:00,8/1/18 3:00
292,HRG 194,A4,41888,43313.45851,43313.12517,39.0346108,-123.0909022,639.34,3D-V Fix,2.6,23,3.52,3.6,James I,2018-8-1 04:00,8/1/18 4:00
293,HRG 196 K4,K4,41890,43313.45852,43313.12519,38.9985881,-123.0961692,236.45,3D-V Fix,2.2,21,3.52,3.52,Foster Bio,2018-8-1 04:00,8/1/18 4:00
294,HRG 192 F2,F2,41886,43313.45889,43313.12556,39.0180067,-123.0633783,650.69,3D-V Fix,4,25,3.52,0.16,Orchard,2018-8-1 04:00,8/1/18 4:00
295,HRG 192 F2,F2,41886,43313.50012,43313.16678,39.0180156,-123.0638772,646.27,3D-V Fix,3.8,23,3.6,0.16,Orchard,2018-8-1 05:00,8/1/18 5:00
296,HRG 196 K4,K4,41890,43313.50013,43313.16679,38.9986108,-123.0961397,231.74,3D-V Fix,1.6,20,3.52,3.52,Foster Bio,2018-8-1 05:00,8/1/18 5:00
297,HRG 194,A4,41888,43313.50034,43313.167,39.0348361,-123.0907439,646.6,3D-V Fix,1.8,22,3.52,3.6,James I,2018-8-1 05:00,8/1/18 5:00
298,HRG 194,A4,41888,43313.54184,43313.20851,39.0361683,-123.0913075,627.7,3D-V Fix,3.8,22,3.52,3.6,James I,2018-8-1 06:00,8/1/18 6:00
299,HRG 196 K4,K4,41890,43313.54186,43313.20853,38.9985817,-123.0961844,226.21,3D-V Fix,2,19,3.52,3.52,Foster Bio,2018-8-1 06:00,8/1/18 6:00
300,HRG 192 F2,F2,41886,43313.54192,43313.20859,39.0182244,-123.0636236,658.94,3D-V Fix,2,20,3.52,0.16,Orchard,2018-8-1 06:00,8/1/18 6:00
301,HRG 192 F2,F2,41886,43313.58352,43313.25019,39.0182333,-123.0636022,670.46,3D-V Fix,3.2,21,3.52,0.16,Orchard,2018-8-1 07:00,8/1/18 7:00
302,HRG 196 K4,K4,41890,43313.58367,43313.25034,38.9986014,-123.0964214,229.85,3D-V Fix,2,18,3.52,3.52,Foster Bio,2018-8-1 07:00,8/1/18 7:00
303,HRG 194,A4,41888,43313.58367,43313.25034,39.0369275,-123.0913461,663.49,3D-V Fix,2.6,22,3.52,3.6,James I,2018-8-1 07:00,8/1/18 7:00
304,HRG 196 K4,K4,41890,43313.6251,43313.29177,38.9986144,-123.096315,223.3,3D-V Fix,1.8,20,3.52,3.52,Foster Bio,2018-8-1 08:00,8/1/18 8:00
305,HRG 194,A4,41888,43313.62522,43313.29189,39.0351119,-123.0915758,661.2,3D-V Fix,2.2,24,3.52,3.6,James I,2018-8-1 08:00,8/1/18 8:00
306,HRG 192 F2,F2,41886,43313.62534,43313.292,39.0182308,-123.0637742,659.68,3D-V Fix,2.4,21,3.52,0.16,Orchard,2018-8-1 08:00,8/1/18 8:00
307,HRG 194,A4,41888,43313.66683,43313.3335,39.0349564,-123.0915181,647.6,3D-V Fix,1.8,26,3.52,3.6,James I,2018-8-1 09:00,8/1/18 9:00
308,HRG 192 F2,F2,41886,43313.66685,43313.33352,39.0188508,-123.0614747,712.91,3D-V Fix,5,24,3.52,0.16,Orchard,2018-8-1 09:00,8/1/18 9:00
309,HRG 196 K4,K4,41890,43313.66701,43313.33368,38.9987956,-123.0960578,227.04,3D-V Fix,1.8,22,3.52,3.52,Foster Bio,2018-8-1 09:00,8/1/18 9:00
310,HRG 196 K4,K4,41890,43313.70844,43313.3751,38.9990703,-123.0955708,214.82,3D-V Fix,2.2,26,3.52,3.52,Foster Bio,2018-8-1 10:00,8/1/18 10:00
311,HRG 194,A4,41888,43313.70851,43313.37517,39.0369836,-123.0910478,665.32,3D-V Fix,2.8,29,3.52,3.52,James I,2018-8-1 10:00,8/1/18 10:00
312,HRG 192 F2,F2,41886,43313.70861,43313.37528,39.0198044,-123.0611972,714.08,3D-V Fix,1.8,28,3.52,0.16,Orchard,2018-8-1 10:00,8/1/18 10:00
313,HRG 192 F2,F2,41886,43313.75027,43313.41693,39.0188022,-123.0612636,711.64,3D-V Fix,2.4,30,3.52,0.08,Orchard,2018-8-1 11:00,8/1/18 11:00
314,HRG 196 K4,K4,41890,43313.75035,43313.41701,38.9992561,-123.0972631,213.16,3D-V Fix,2.2,29,3.52,3.6,Foster Bio,2018-8-1 11:00,8/1/18 11:00
315,HRG 194,A4,41888,43313.75065,43313.41731,39.0367447,-123.0928211,628.18,3D-V Fix,2.2,32,3.52,3.6,James I,2018-8-1 11:00,8/1/18 11:00
316,HRG 194,A4,41888,43313.79176,43313.45843,39.0356919,-123.0943183,548.45,3D-V Fix,2,34,3.52,3.6,James I,2018-8-1 12:00,8/1/18 12:00
317,HRG 196 K4,K4,41890,43313.79188,43313.45854,38.9991683,-123.0972614,222.04,3D-V Fix,2,33,3.6,3.6,Foster Bio,2018-8-1 12:00,8/1/18 12:00
318,HRG 192 F2,F2,41886,43313.79201,43313.45868,39.01871,-123.0613536,706.81,3D-V Fix,3.8,32,3.52,0.16,Orchard,2018-8-1 12:00,8/1/18 12:00
319,HRG 194,A4,41888,43313.83361,43313.50028,39.0349575,-123.0938478,520.39,3D-V Fix,2.2,35,3.52,3.6,James I,2018-8-1 13:00,8/1/18 13:00
320,HRG 192 F2,F2,41886,43313.83368,43313.50035,39.0188039,-123.0612714,693.94,3D-V Fix,3.2,33,3.6,0.08,Orchard,2018-8-1 13:00,8/1/18 13:00
321,HRG 196 K4,K4,41890,43313.83368,43313.50035,38.9998053,-123.0974136,196.68,3D-V Fix,2.2,37,3.52,3.6,Foster Bio,2018-8-1 13:00,8/1/18 13:00
322,HRG 194,A4,41888,43313.87507,43313.54174,39.0349428,-123.0939917,551.01,3D-V Fix,1.8,36,3.6,3.6,James I,2018-8-1 14:00,8/1/18 14:00
323,HRG 196 K4,K4,41890,43313.87519,43313.54185,39.0004194,-123.0964,196.68,3D-V Fix,1.8,39,3.6,3.6,Foster Bio,2018-8-1 14:00,8/1/18 14:00
324,HRG 192 F2,F2,41886,43313.87521,43313.54188,39.0188794,-123.0613842,707.39,3D-V Fix,2.6,35,3.6,0.08,Orchard,2018-8-1 14:00,8/1/18 14:00
325,HRG 194,A4,41888,43313.91682,43313.58348,39.0349633,-123.0938778,532.3,3D-V Fix,2,37,3.52,3.6,James I,2018-8-1 15:00,8/1/18 15:00
326,HRG 192 F2,F2,41886,43313.91689,43313.58355,39.0191722,-123.0620278,699.04,3D-V Fix,2,34,3.6,0.08,Orchard,2018-8-1 15:00,8/1/18 15:00
327,HRG 196 K4,K4,41890,43313.91701,43313.58368,39.0007981,-123.0965125,202.02,3D-V Fix,2.8,36,3.52,3.6,Foster Bio,2018-8-1 15:00,8/1/18 15:00
328,HRG 194,A4,41888,43313.95858,43313.62524,39.0349411,-123.093775,528.99,3D-V Fix,3.2,37,3.52,3.6,James I,2018-8-1 16:00,8/1/18 16:00
329,HRG 196 K4,K4,41890,43313.95868,43313.62535,39.0008256,-123.0964667,193.48,3D-V Fix,3.6,35,3.52,3.6,Foster Bio,2018-8-1 16:00,8/1/18 16:00
330,HRG 192 F2,F2,41886,43313.95869,43313.62536,39.0185439,-123.0626789,686.67,3D-V Fix,2.4,37,3.6,0.08,Orchard,2018-8-1 16:00,8/1/18 16:00
331,HRG 194,A4,41888,43314.00016,43313.66683,39.0348897,-123.0939178,542.4,3D-V Fix,3.4,36,3.6,3.6,James I,2018-8-1 17:00,8/1/18 17:00
332,HRG 196 K4,K4,41890,43314.00019,43313.66685,39.0008397,-123.0965311,197.89,3D-V Fix,3.2,35,3.6,3.6,Foster Bio,2018-8-1 17:00,8/1/18 17:00
333,HRG 192 F2,F2,41886,43314.00023,43313.6669,39.0184333,-123.062815,660.51,3D-V Fix,3.4,35,3.6,0.08,Orchard,2018-8-1 17:00,8/1/18 17:00
334,HRG 196 K4,K4,41890,43314.0417,43313.70837,39.0006308,-123.0961403,210.63,3D-V Fix,2.8,37,3.52,3.6,Foster Bio,2018-8-1 18:00,8/1/18 18:00
335,HRG 194,A4,41888,43314.04176,43313.70843,39.0364381,-123.0951497,565.37,3D-V Fix,2.4,35,3.52,3.6,James I,2018-8-1 18:00,8/1/18 18:00
336,HRG 192 F2,F2,41886,43314.04189,43313.70855,39.0182014,-123.0636944,658.92,3D-V Fix,2,35,3.6,0.08,Orchard,2018-8-1 18:00,8/1/18 18:00
337,HRG 192 F2,F2,41886,43314.08367,43313.75034,39.0188939,-123.0650536,637.1,3D-V Fix,3,31,3.6,0.08,Orchard,2018-8-1 19:00,8/1/18 19:00
338,HRG 196 K4,K4,41890,43314.08368,43313.75035,39.0007933,-123.0959219,220.13,3D-V Fix,2,32,3.52,3.6,Foster Bio,2018-8-1 19:00,8/1/18 19:00
339,HRG 194,A4,41888,43314.08367,43313.75034,39.0370781,-123.0927053,619.04,3D-V Fix,4,32,3.52,3.6,James I,2018-8-1 19:00,8/1/18 19:00
340,HRG 194,A4,41888,43314.12517,43313.79184,39.0369825,-123.0908478,682.95,3D-V Fix,4.6,29,3.52,3.52,James I,2018-8-1 20:00,8/1/18 20:00
341,HRG 196 K4,K4,41890,43314.12519,43313.79185,39.0008864,-123.0942789,255.03,3D-V Fix,2.4,30,3.6,3.6,Foster Bio,2018-8-1 20:00,8/1/18 20:00
342,HRG 192 F2,F2,41886,43314.12536,43313.79203,39.0188819,-123.0653492,646.72,3D-V Fix,5,29,3.52,0.08,Orchard,2018-8-1 20:00,8/1/18 20:00
343,HRG 196 K4,K4,41890,43314.16675,43313.83341,39.0013633,-123.0941203,280.24,3D-V Fix,3.8,26,3.52,3.6,Foster Bio,2018-8-1 21:00,8/1/18 21:00
344,HRG 192 F2,F2,41886,43314.16683,43313.8335,39.0188367,-123.0660861,613.2,3D-V Fix,3.2,26,3.6,0.08,Orchard,2018-8-1 21:00,8/1/18 21:00
345,HRG 194,A4,41888,43314.16701,43313.83368,39.03671,-123.0908108,674.19,3D-V Fix,4.4,26,3.52,3.6,James I,2018-8-1 21:00,8/1/18 21:00
346,HRG 192 F2,F2,41886,43314.20841,43313.87508,39.017985,-123.0671956,615.54,3D-V Fix,2.6,25,3.6,0.16,Orchard,2018-8-1 22:00,8/1/18 22:00
347,HRG 194,A4,41888,43314.20858,43313.87524,39.0367808,-123.0909278,662.92,3D-V Fix,2,25,3.52,3.6,James I,2018-8-1 22:00,8/1/18 22:00
348,HRG 196 K4,K4,41890,43314.20868,43313.87535,38.9999944,-123.0943769,231.12,3D-V Fix,2.2,24,3.52,3.52,Foster Bio,2018-8-1 22:00,8/1/18 22:00
349,HRG 194,A4,41888,43314.25007,43313.91674,39.0367069,-123.0908206,674.61,3D-V Fix,2.4,24,3.52,3.6,James I,2018-8-1 23:00,8/1/18 23:00
350,HRG 196 K4,K4,41890,43314.25017,43313.91684,39.0001578,-123.0944081,235.76,3D-V Fix,3.8,23,3.52,3.52,Foster Bio,2018-8-1 23:00,8/1/18 23:00
351,HRG 192 F2,F2,41886,43314.25056,43313.91722,39.0181278,-123.0664111,597.57,3D-V Fix,3.2,25,3.52,0.16,Orchard,2018-8-1 23:00,8/1/18 23:00
352,HRG 192 F2,F2,41886,43314.29182,43313.95848,39.0180422,-123.0664967,582.28,3D-V Fix,2.8,25,3.6,0.16,Orchard,2018-8-2 00:00,8/2/18 0:00
353,HRG 194,A4,41888,43314.29184,43313.95851,39.0362089,-123.0909267,668.2,3D-V Fix,2.6,24,3.52,3.6,James I,2018-8-2 00:00,8/2/18 0:00
354,HRG 196 K4,K4,41890,43314.2919,43313.95856,39.0001006,-123.0944006,253.13,3D-V Fix,2.2,23,3.52,3.52,Foster Bio,2018-8-2 00:00,8/2/18 0:00
355,HRG 192 F2,F2,41886,43314.33356,43314.00023,39.0180869,-123.0666608,593.61,3D-V Fix,2,24,3.52,0.16,Orchard,2018-8-2 01:00,8/2/18 1:00
356,HRG 194,A4,41888,43314.33367,43314.00034,39.0362314,-123.0912556,658.77,3D-V Fix,1.8,24,3.52,3.6,James I,2018-8-2 01:00,8/2/18 1:00
357,HRG 196 K4,K4,41890,43314.3339,43314.00057,38.9998769,-123.0946617,252,3D-V Fix,2.2,22,3.52,3.52,Foster Bio,2018-8-2 01:00,8/2/18 1:00
358,HRG 196 K4,K4,41890,43314.37508,43314.04175,39.0006233,-123.0980067,173.53,3D-V Fix,2.4,20,3.52,3.52,Foster Bio,2018-8-2 02:00,8/2/18 2:00
359,HRG 192 F2,F2,41886,43314.37509,43314.04176,39.0181164,-123.066975,599.09,3D-V Fix,2.2,23,3.6,0.16,Orchard,2018-8-2 02:00,8/2/18 2:00
360,HRG 194,A4,41888,43314.37516,43314.04183,39.0379064,-123.0913319,669.16,3D-V Fix,2,24,3.52,3.52,James I,2018-8-2 02:00,8/2/18 2:00
361,HRG 192 F2,F2,41886,43314.41683,43314.0835,39.0174042,-123.0657058,591.88,3D-V Fix,2.2,22,3.6,0.16,Orchard,2018-8-2 03:00,8/2/18 3:00
362,HRG 196 K4,K4,41890,43314.41723,43314.0839,38.99882,-123.0965911,215.77,3D-V Fix,2.2,20,3.52,3.52,Foster Bio,2018-8-2 03:00,8/2/18 3:00
363,HRG 194,A4,41888,43314.41736,43314.08403,39.0370361,-123.092755,632.72,3D-V Fix,4.2,23,3.52,3.6,James I,2018-8-2 03:00,8/2/18 3:00
364,HRG 194,A4,41888,43314.4585,43314.12516,39.0371219,-123.0925181,643.21,3D-V Fix,4,23,3.52,3.6,James I,2018-8-2 04:00,8/2/18 4:00
365,HRG 196 K4,K4,41890,43314.45868,43314.12535,38.9985811,-123.0962,256.48,3D-V Fix,2,20,3.52,3.52,Foster Bio,2018-8-2 04:00,8/2/18 4:00
366,HRG 192 F2,F2,41886,43314.45924,43314.1259,39.0173525,-123.0649325,637.08,3D-V Fix,4,23,3.52,0.16,Orchard,2018-8-2 04:01,8/2/18 4:01
367,HRG 196 K4,K4,41890,43314.50016,43314.16683,38.9985947,-123.0960861,237.13,3D-V Fix,1.6,20,3.52,3.52,Foster Bio,2018-8-2 05:00,8/2/18 5:00
368,HRG 194,A4,41888,43314.50034,43314.167,39.0372742,-123.0920592,612.82,3D-V Fix,2.8,24,3.52,3.52,James I,2018-8-2 05:00,8/2/18 5:00
369,HRG 192 F2,F2,41886,43314.50072,43314.16738,39.0173189,-123.0647744,621.03,3D-V Fix,2.4,25,3.52,0.16,Orchard,2018-8-2 05:01,8/2/18 5:01
370,HRG 194,A4,41888,43314.54183,43314.2085,39.0370525,-123.0920089,636.84,3D-V Fix,1.8,22,3.52,3.6,James I,2018-8-2 06:00,8/2/18 6:00
371,HRG 196 K4,K4,41890,43314.54185,43314.20852,38.9985072,-123.0962092,245.92,3D-V Fix,5.4,20,3.52,3.52,Foster Bio,2018-8-2 06:00,8/2/18 6:00
372,HRG 192 F2,F2,41886,43314.54191,43314.20858,39.0174053,-123.0649114,621.88,3D-V Fix,1.6,24,3.52,0.16,Orchard,2018-8-2 06:00,8/2/18 6:00
373,HRG 192 F2,F2,41886,43314.58348,43314.25015,39.0176847,-123.0639789,639.21,3D-V Fix,3,20,3.52,0.16,Orchard,2018-8-2 07:00,8/2/18 7:00
374,HRG 196 K4,K4,41890,43314.58367,43314.25034,38.998795,-123.09608,225.54,3D-V Fix,2.2,18,3.52,3.52,Foster Bio,2018-8-2 07:00,8/2/18 7:00
375,HRG 194,A4,41888,43314.58367,43314.25034,39.0362711,-123.0899375,680.32,3D-V Fix,4,22,3.52,3.52,James I,2018-8-2 07:00,8/2/18 7:00
376,HRG 196 K4,K4,41890,43314.62516,43314.29183,38.9988947,-123.0960281,224.57,3D-V Fix,2.6,18,3.52,3.52,Foster Bio,2018-8-2 08:00,8/2/18 8:00
377,HRG 192 F2,F2,41886,43314.62528,43314.29194,39.0183344,-123.0634131,610.53,3D-V Fix,2.6,22,3.52,0.16,Orchard,2018-8-2 08:00,8/2/18 8:00
378,HRG 194,A4,41888,43314.62534,43314.292,39.0362672,-123.0899922,682.42,3D-V Fix,2.6,23,3.52,3.6,James I,2018-8-2 08:00,8/2/18 8:00
379,HRG 194,A4,41888,43314.66682,43314.33348,39.0347633,-123.0917692,643.86,3D-V Fix,3,25,3.52,3.6,James I,2018-8-2 09:00,8/2/18 9:00
380,HRG 196 K4,K4,41890,43314.66684,43314.33351,38.9994189,-123.0955058,233.75,3D-V Fix,3,22,3.52,3.52,Foster Bio,2018-8-2 09:00,8/2/18 9:00
381,HRG 192 F2,F2,41886,43314.6669,43314.33356,39.0182072,-123.0637242,670.83,3D-V Fix,2.2,24,3.52,0.16,Orchard,2018-8-2 09:00,8/2/18 9:00
382,HRG 192 F2,F2,41886,43314.7084,43314.37507,39.0170244,-123.0668186,572.43,3D-V Fix,2,25,3.6,0.16,Orchard,2018-8-2 10:00,8/2/18 10:00
383,HRG 196 K4,K4,41890,43314.70861,43314.37528,38.9994081,-123.0964053,232.08,3D-V Fix,2,26,3.52,3.6,Foster Bio,2018-8-2 10:00,8/2/18 10:00
384,HRG 194,A4,41888,43314.70899,43314.37566,39.0346794,-123.0937061,521.95,3D-V Fix,4,25,3.52,3.52,James I,2018-8-2 10:00,8/2/18 10:00
385,HRG 194,A4,41888,43314.75016,43314.41683,39.0348328,-123.0933592,559.71,3D-V Fix,4.6,30,3.52,3.52,James I,2018-8-2 11:00,8/2/18 11:00
386,HRG 196 K4,K4,41890,43314.75034,43314.417,38.9994553,-123.0962194,235.13,3D-V Fix,1.8,29,3.52,3.6,Foster Bio,2018-8-2 11:00,8/2/18 11:00
387,HRG 192 F2,F2,41886,43314.75056,43314.41722,39.0176594,-123.0679817,569.6,3D-V Fix,3.2,28,3.52,0.16,Orchard,2018-8-2 11:00,8/2/18 11:00
388,HRG 196 K4,K4,41890,43314.79184,43314.45851,38.9995036,-123.0954689,257.11,3D-V Fix,2.2,33,3.6,3.6,Foster Bio,2018-8-2 12:00,8/2/18 12:00
389,HRG 192 F2,F2,41886,43314.7919,43314.45856,39.0178242,-123.0680206,556.54,3D-V Fix,2.2,32,3.6,0.16,Orchard,2018-8-2 12:00,8/2/18 12:00
390,HRG 194,A4,41888,43314.79203,43314.45869,39.0341161,-123.0931444,562.58,3D-V Fix,5.8,37,3.52,3.6,James I,2018-8-2 12:00,8/2/18 12:00
391,HRG 194,A4,41888,43314.83368,43314.50035,39.0332789,-123.0932561,515.28,3D-V Fix,2.2,34,3.52,3.6,James I,2018-8-2 13:00,8/2/18 13:00
392,HRG 196 K4,K4,41890,43314.83373,43314.50039,38.9994181,-123.0964103,217.99,3D-V Fix,2.2,37,3.52,3.6,Foster Bio,2018-8-2 13:00,8/2/18 13:00
393,HRG 192 F2,F2,41886,43314.834,43314.50067,39.017685,-123.06961,554.96,3D Fix,3.4,35,3.52,0.16,Orchard,2018-8-2 13:00,8/2/18 13:00
394,HRG 196 K4,K4,41890,43314.87516,43314.54183,38.9995286,-123.0962208,220.3,3D-V Fix,1.8,38,3.6,3.6,Foster Bio,2018-8-2 14:00,8/2/18 14:00
395,HRG 194,A4,41888,43314.87517,43314.54184,39.0332253,-123.0932167,533.72,3D-V Fix,3.4,35,3.52,3.6,James I,2018-8-2 14:00,8/2/18 14:00
396,HRG 192 F2,F2,41886,43314.87535,43314.54201,39.0177208,-123.0697575,561.19,3D-V Fix,3,36,3.6,0.08,Orchard,2018-8-2 14:00,8/2/18 14:00
397,HRG 194,A4,41888,43314.917,43314.58367,39.0332925,-123.0931917,513.39,3D-V Fix,2,37,3.52,3.6,James I,2018-8-2 15:00,8/2/18 15:00
398,HRG 192 F2,F2,41886,43314.91701,43314.58368,39.0177561,-123.0697536,557.95,3D-V Fix,2.6,36,3.6,0.08,Orchard,2018-8-2 15:00,8/2/18 15:00
399,HRG 196 K4,K4,41890,43314.91701,43314.58368,39.0000231,-123.0959125,220.85,3D-V Fix,1.8,37,3.6,3.6,Foster Bio,2018-8-2 15:00,8/2/18 15:00
400,HRG 194,A4,41888,43314.95848,43314.62515,39.0336125,-123.0926925,547.4,3D-V Fix,3.4,35,3.6,3.6,James I,2018-8-2 16:00,8/2/18 16:00
401,HRG 196 K4,K4,41890,43314.95852,43314.62519,39.0005294,-123.0972972,213.39,3D-V Fix,3,35,3.6,3.6,Foster Bio,2018-8-2 16:00,8/2/18 16:00
402,HRG 192 F2,F2,41886,43314.95868,43314.62535,39.0177383,-123.0697856,555.6,3D-V Fix,2.4,35,3.6,0.08,Orchard,2018-8-2 16:00,8/2/18 16:00
403,HRG 196 K4,K4,41890,43315.00008,43314.66675,38.9995414,-123.0965633,221.75,3D-V Fix,2,35,3.6,3.6,Foster Bio,2018-8-2 17:00,8/2/18 17:00
404,HRG 192 F2,F2,41886,43315.00015,43314.66682,39.0164078,-123.069125,558.43,3D-V Fix,1.8,35,3.6,0.08,Orchard,2018-8-2 17:00,8/2/18 17:00
405,HRG 194,A4,41888,43315.00016,43314.66683,39.0336158,-123.0927661,546.91,3D-V Fix,3,35,3.6,3.6,James I,2018-8-2 17:00,8/2/18 17:00
406,HRG 192 F2,F2,41886,43315.04183,43314.7085,39.0189422,-123.0687219,560.6,3D-V Fix,2.6,33,3.52,0.16,Orchard,2018-8-2 18:00,8/2/18 18:00
407,HRG 196 K4,K4,41890,43315.04189,43314.70855,38.9995264,-123.0965519,236.5,3D-V Fix,1.4,35,3.52,3.6,Foster Bio,2018-8-2 18:00,8/2/18 18:00
408,HRG 194,A4,41888,43315.04201,43314.70868,39.0341067,-123.0931092,560.7,3D-V Fix,4.2,33,3.52,3.6,James I,2018-8-2 18:00,8/2/18 18:00
409,HRG 194,A4,41888,43315.08352,43314.75019,39.0362258,-123.0925233,618.24,3D-V Fix,5.8,32,3.6,3.6,James I,2018-8-2 19:00,8/2/18 19:00
410,HRG 192 F2,F2,41886,43315.08368,43314.75035,39.0182869,-123.0670247,601.16,3D-V Fix,5.2,31,3.52,0.08,Orchard,2018-8-2 19:00,8/2/18 19:00
411,HRG 196 K4,K4,41890,43315.0839,43314.75057,38.9996803,-123.09614,226.53,3D-V Fix,5.8,32,3.52,3.6,Foster Bio,2018-8-2 19:00,8/2/18 19:00
412,HRG 192 F2,F2,41886,43315.12521,43314.79188,39.0181472,-123.0665692,612.35,3D-V Fix,5.6,28,3.6,0.08,Orchard,2018-8-2 20:00,8/2/18 20:00
413,HRG 196 K4,K4,41890,43315.12521,43314.79188,38.9993528,-123.094995,244.44,3D-V Fix,3.4,29,3.52,3.52,Foster Bio,2018-8-2 20:00,8/2/18 20:00
414,HRG 194,A4,41888,43315.12531,43314.79198,39.0349936,-123.0907947,656.79,3D-V Fix,1.4,27,3.52,3.6,James I,2018-8-2 20:00,8/2/18 20:00
415,HRG 194,A4,41888,43315.16683,43314.8335,39.034955,-123.0908083,660.46,3D-V Fix,2.2,25,3.52,3.6,James I,2018-8-2 21:00,8/2/18 21:00
416,HRG 192 F2,F2,41886,43315.16703,43314.83369,39.0182192,-123.0664489,599.33,3D-V Fix,5.4,27,3.52,0.16,Orchard,2018-8-2 21:00,8/2/18 21:00
417,HRG 196 K4,K4,41890,43315.16771,43314.83438,38.9994914,-123.09476,242.9,3D-V Fix,3.8,26,3.52,3.6,Foster Bio,2018-8-2 21:01,8/2/18 21:01
418,HRG 194,A4,41888,43315.2084,43314.87507,39.035775,-123.0904744,659.32,3D-V Fix,2.4,24,3.52,3.6,James I,2018-8-2 22:00,8/2/18 22:00
419,HRG 196 K4,K4,41890,43315.20868,43314.87535,38.9998519,-123.0945794,228.42,3D-V Fix,2.2,23,3.52,3.52,Foster Bio,2018-8-2 22:00,8/2/18 22:00
420,HRG 192 F2,F2,41886,43315.20896,43314.87563,39.0182228,-123.0664022,614.71,3D-V Fix,1.8,27,3.52,0.16,Orchard,2018-8-2 22:00,8/2/18 22:00
421,HRG 192 F2,F2,41886,43315.25014,43314.91681,39.0175072,-123.0653583,615.86,3D-V Fix,2.8,21,3.6,0.16,Orchard,2018-8-2 23:00,8/2/18 23:00
422,HRG 196 K4,K4,41890,43315.25021,43314.91688,38.9999661,-123.0945506,236.59,3D-V Fix,4.2,21,3.52,3.52,Foster Bio,2018-8-2 23:00,8/2/18 23:00
423,HRG 194,A4,41888,43315.25038,43314.91705,39.0358544,-123.0904228,661.16,3D-V Fix,2.4,22,3.52,3.6,James I,2018-8-2 23:00,8/2/18 23:00
424,HRG 192 F2,F2,41886,43315.29182,43314.95848,39.0187769,-123.0646203,618.18,3D-V Fix,2.4,22,3.6,0.16,Orchard,2018-8-3 00:00,8/3/18 0:00
425,HRG 194,A4,41888,43315.29182,43314.95848,39.0358311,-123.0904519,661.18,3D-V Fix,2.6,20,3.52,3.6,James I,2018-8-3 00:00,8/3/18 0:00
426,HRG 196 K4,K4,41890,43315.292,43314.95867,39.0001783,-123.0965956,212.26,3D-V Fix,1.6,21,3.52,3.52,Foster Bio,2018-8-3 00:00,8/3/18 0:00
427,HRG 194,A4,41888,43315.33355,43315.00022,39.03672,-123.0915139,658.54,3D-V Fix,2,22,3.52,3.52,James I,2018-8-3 01:00,8/3/18 1:00
428,HRG 196 K4,K4,41890,43315.33392,43315.00059,39.0001442,-123.0965653,193.14,3D-V Fix,2.6,20,3.52,3.52,Foster Bio,2018-8-3 01:00,8/3/18 1:00
429,HRG 192 F2,F2,41886,43315.33425,43315.00091,39.0189294,-123.0651142,637.01,3D-V Fix,2,20,3.52,0.16,Orchard,2018-8-3 01:01,8/3/18 1:01
430,HRG 192 F2,F2,41886,43315.37514,43315.04181,39.0178944,-123.062425,683.53,3D-V Fix,2.6,20,3.6,0.16,Orchard,2018-8-3 02:00,8/3/18 2:00
431,HRG 194,A4,41888,43315.37514,43315.04181,39.0364858,-123.0914569,677.89,3D-V Fix,2.2,21,3.52,3.6,James I,2018-8-3 02:00,8/3/18 2:00
432,HRG 196 K4,K4,41890,43315.37517,43315.04184,39.0004086,-123.0963675,191.82,3D-V Fix,2.4,20,3.52,3.52,Foster Bio,2018-8-3 02:00,8/3/18 2:00
433,HRG 194,A4,41888,43315.41682,43315.08348,39.0370222,-123.0915631,663.2,3D-V Fix,2.2,21,3.52,3.52,James I,2018-8-3 03:00,8/3/18 3:00
434,HRG 192 F2,F2,41886,43315.41699,43315.08366,39.0188069,-123.0611644,712.56,3D-V Fix,1.8,20,3.52,0.16,Orchard,2018-8-3 03:00,8/3/18 3:00
435,HRG 196 K4,K4,41890,43315.41701,43315.08368,39.0002797,-123.0964725,204.73,3D-V Fix,2.8,18,3.52,3.52,Foster Bio,2018-8-3 03:00,8/3/18 3:00
436,HRG 196 K4,K4,41890,43315.4585,43315.12516,38.9995431,-123.0963642,213.57,3D-V Fix,4.2,18,3.52,3.52,Foster Bio,2018-8-3 04:00,8/3/18 4:00
437,HRG 192 F2,F2,41886,43315.45859,43315.12525,39.0188853,-123.0611117,705.02,3D-V Fix,4,21,3.52,0.16,Orchard,2018-8-3 04:00,8/3/18 4:00
438,HRG 194,A4,41888,43315.45867,43315.12534,39.0370592,-123.0917183,647.05,3D-V Fix,2.2,20,3.52,3.52,James I,2018-8-3 04:00,8/3/18 4:00
439,HRG 194,A4,41888,43315.50013,43315.16679,39.0369703,-123.0917572,646.51,3D-V Fix,2,20,3.52,3.6,James I,2018-8-3 05:00,8/3/18 5:00
440,HRG 196 K4,K4,41890,43315.50035,43315.16701,38.9994944,-123.0964553,226.59,3D-V Fix,1.4,17,3.52,3.52,Foster Bio,2018-8-3 05:00,8/3/18 5:00
441,HRG 192 F2,F2,41886,43315.50063,43315.16729,39.0188889,-123.061465,715.64,3D-V Fix,2.4,21,3.52,0.16,Orchard,2018-8-3 05:00,8/3/18 5:00
442,HRG 196 K4,K4,41890,43315.54183,43315.2085,38.9994061,-123.0964078,224.41,3D-V Fix,1.6,20,3.52,3.52,Foster Bio,2018-8-3 06:00,8/3/18 6:00
443,HRG 192 F2,F2,41886,43315.54188,43315.20854,39.0194081,-123.0620031,698.5,3D-V Fix,1.8,20,3.52,0.16,Orchard,2018-8-3 06:00,8/3/18 6:00
444,HRG 194,A4,41888,43315.5419,43315.20856,39.0369086,-123.0907283,666.08,3D-V Fix,1.6,20,3.52,3.6,James I,2018-8-3 06:00,8/3/18 6:00
445,HRG 196 K4,K4,41890,43315.5835,43315.25016,38.9991756,-123.0962011,217.85,3D-V Fix,3.6,17,3.52,3.52,Foster Bio,2018-8-3 07:00,8/3/18 7:00
446,HRG 194,A4,41888,43315.58368,43315.25035,39.0356878,-123.0893108,676.03,3D-V Fix,2.2,19,3.52,3.52,James I,2018-8-3 07:00,8/3/18 7:00
447,HRG 192 F2,F2,41886,43315.58389,43315.25056,39.0196644,-123.06695,645.92,3D-V Fix,4.2,20,3.52,0.16,Orchard,2018-8-3 07:00,8/3/18 7:00
448,HRG 194,A4,41888,43315.62515,43315.29182,39.0340228,-123.0906133,649.97,3D-V Fix,2.4,21,3.52,3.6,James I,2018-8-3 08:00,8/3/18 8:00
449,HRG 192 F2,F2,41886,43315.62535,43315.29201,39.0200836,-123.0664625,677.44,3D-V Fix,2.2,24,3.52,0.16,Orchard,2018-8-3 08:00,8/3/18 8:00
450,HRG 196 K4,K4,41890,43315.62558,43315.29225,38.9991717,-123.0958678,248.58,3D-V Fix,1.8,16,3.52,3.52,Foster Bio,2018-8-3 08:00,8/3/18 8:00
451,HRG 192 F2,F2,41886,43315.66682,43315.33348,39.0170453,-123.0638478,648.97,3D-V Fix,3.4,23,3.52,0.16,Orchard,2018-8-3 09:00,8/3/18 9:00
452,HRG 196 K4,K4,41890,43315.66684,43315.33351,38.9991392,-123.0964111,202.2,3D-V Fix,2.2,19,3.52,3.52,Foster Bio,2018-8-3 09:00,8/3/18 9:00
453,HRG 194,A4,41888,43315.667,43315.33367,39.0356497,-123.0911775,662.21,3D-V Fix,2,24,3.52,3.6,James I,2018-8-3 09:00,8/3/18 9:00
454,HRG 194,A4,41888,43315.70839,43315.37506,39.0305325,-123.0901978,548.38,3D-V Fix,2.2,26,3.52,3.52,James I,2018-8-3 10:00,8/3/18 10:00
455,HRG 196 K4,K4,41890,43315.70855,43315.37522,38.9990275,-123.0964622,258.83,3D-V Fix,3,25,3.52,3.52,Foster Bio,2018-8-3 10:00,8/3/18 10:00
456,HRG 192 F2,F2,41886,43315.70904,43315.37571,39.0145686,-123.0668714,564.22,3D Fix,3.4,25,3.52,0.16,Orchard,2018-8-3 10:01,8/3/18 10:01
457,HRG 196 K4,K4,41890,43315.75023,43315.4169,38.9996533,-123.0975061,214.33,3D-V Fix,2.2,30,3.52,3.6,Foster Bio,2018-8-3 11:00,8/3/18 11:00
458,HRG 192 F2,F2,41886,43315.75034,43315.417,39.0150206,-123.0669622,551.56,3D-V Fix,2.2,27,3.52,0.16,Orchard,2018-8-3 11:00,8/3/18 11:00
459,HRG 194,A4,41888,43315.75035,43315.41701,39.0317097,-123.0907844,558.67,3D-V Fix,2.2,29,3.52,3.6,James I,2018-8-3 11:00,8/3/18 11:00
460,HRG 194,A4,41888,43315.79183,43315.4585,39.0317547,-123.0905969,542.96,3D-V Fix,8.6,33,3.52,3.6,James I,2018-8-3 12:00,8/3/18 12:00
461,HRG 192 F2,F2,41886,43315.79194,43315.45861,39.0148242,-123.0670197,564.17,3D-V Fix,1.8,30,3.52,0.16,Orchard,2018-8-3 12:00,8/3/18 12:00
462,HRG 196 K4,K4,41890,43315.79238,43315.45905,39.0007069,-123.0977014,204.96,3D Fix,3.8,35,3.52,3.6,Foster Bio,2018-8-3 12:01,8/3/18 12:01
463,HRG 192 F2,F2,41886,43315.83346,43315.50013,39.014895,-123.0669628,544.92,3D-V Fix,5.8,32,3.6,0.16,Orchard,2018-8-3 13:00,8/3/18 13:00
464,HRG 194,A4,41888,43315.83368,43315.50035,39.0335831,-123.0927408,548.26,3D-V Fix,2.6,34,3.52,3.6,James I,2018-8-3 13:00,8/3/18 13:00
465,HRG 196 K4,K4,41890,43315.83369,43315.50036,39.0008006,-123.0964611,60.26,3D-V Fix,5.8,35,3.52,3.6,Foster Bio,2018-8-3 13:00,8/3/18 13:00
466,HRG 192 F2,F2,41886,43315.87515,43315.54182,39.0148511,-123.0676258,543.01,3D-V Fix,4.8,35,3.6,0.08,Orchard,2018-8-3 14:00,8/3/18 14:00
467,HRG 194,A4,41888,43315.87516,43315.54183,39.0336183,-123.0926542,549.76,3D-V Fix,3.4,35,3.52,3.6,James I,2018-8-3 14:00,8/3/18 14:00
468,HRG 196 K4,K4,41890,43315.8753,43315.54197,39.0009031,-123.0965608,179.65,3D-V Fix,4.8,35,3.52,3.6,Foster Bio,2018-8-3 14:00,8/3/18 14:00
469,HRG 196 K4,K4,41890,43315.91736,43315.58403,39.0006344,-123.0948483,229.21,3D-V Fix,2.8,36,3.52,3.6,Foster Bio,2018-8-3 15:00,8/3/18 15:00
470,HRG 194,A4,41888,43315.91765,43315.58432,39.0340481,-123.092945,548.1,3D-V Fix,4.8,35,3.52,3.6,James I,2018-8-3 15:01,8/3/18 15:01
471,HRG 192 F2,F2,41886,43315.91766,43315.58433,39.0154594,-123.0693058,520.02,3D-V Fix,2.2,36,3.52,0.08,Orchard,2018-8-3 15:01,8/3/18 15:01
472,HRG 196 K4,K4,41890,43315.95845,43315.62512,39.0005717,-123.0944236,267.98,3D-V Fix,3.4,37,3.6,3.6,Foster Bio,2018-8-3 16:00,8/3/18 16:00
473,HRG 194,A4,41888,43315.95862,43315.62529,39.0352519,-123.0927164,575.34,3D-V Fix,2.8,38,3.52,3.6,James I,2018-8-3 16:00,8/3/18 16:00
474,HRG 192 F2,F2,41886,43315.95889,43315.62556,39.0152331,-123.0681272,498.59,3D-V Fix,3.2,35,3.52,0.08,Orchard,2018-8-3 16:00,8/3/18 16:00
475,HRG 192 F2,F2,41886,43316.00016,43315.66683,39.0153281,-123.0681719,539.58,3D-V Fix,1.8,36,3.6,0.08,Orchard,2018-8-3 17:00,8/3/18 17:00
476,HRG 196 K4,K4,41890,43316.00016,43315.66683,39.0006328,-123.0944553,237.37,3D-V Fix,3.2,35,3.6,3.6,Foster Bio,2018-8-3 17:00,8/3/18 17:00
477,HRG 194,A4,41888,43316.00022,43315.66689,39.0352547,-123.0927789,590.86,3D-V Fix,2.8,35,3.52,3.6,James I,2018-8-3 17:00,8/3/18 17:00
478,HRG 192 F2,F2,41886,43316.04172,43315.70839,39.014665,-123.0671081,570.09,3D-V Fix,2.4,34,3.6,0.08,Orchard,2018-8-3 18:00,8/3/18 18:00
479,HRG 194,A4,41888,43316.04194,43315.70861,39.0361394,-123.0929522,607.83,3D-V Fix,2.8,35,3.52,3.6,James I,2018-8-3 18:00,8/3/18 18:00
480,HRG 196 K4,K4,41890,43316.04225,43315.70891,39.0005189,-123.0950317,227.55,3D-V Fix,1.6,34,3.52,3.6,Foster Bio,2018-8-3 18:00,8/3/18 18:00
481,HRG 196 K4,K4,41890,43316.0835,43315.75016,39.0008747,-123.0957058,245.53,3D-V Fix,3.4,32,3.6,3.6,Foster Bio,2018-8-3 19:00,8/3/18 19:00
482,HRG 192 F2,F2,41886,43316.08368,43315.75035,39.0174406,-123.0657528,615.46,3D-V Fix,4.8,31,3.6,0.08,Orchard,2018-8-3 19:00,8/3/18 19:00
483,HRG 194,A4,41888,43316.08368,43315.75035,39.0370856,-123.0921667,648.19,3D-V Fix,3.4,32,3.52,3.6,James I,2018-8-3 19:00,8/3/18 19:00
484,HRG 194,A4,41888,43316.12516,43315.79183,39.0370394,-123.092165,660.84,3D-V Fix,3.2,28,3.52,3.6,James I,2018-8-3 20:00,8/3/18 20:00
485,HRG 192 F2,F2,41886,43316.12535,43315.79201,39.0176058,-123.0657731,610.3,3D-V Fix,6.2,28,3.6,0.08,Orchard,2018-8-3 20:00,8/3/18 20:00
486,HRG 196 K4,K4,41890,43316.12535,43315.79201,39.0005436,-123.0973681,186.03,3D-V Fix,2.6,30,3.52,3.52,Foster Bio,2018-8-3 20:00,8/3/18 20:00
487,HRG 196 K4,K4,41890,43316.16701,43315.83368,39.0006258,-123.0981064,177.93,3D-V Fix,3,22,3.52,3.52,Foster Bio,2018-8-3 21:00,8/3/18 21:00
488,HRG 194,A4,41888,43316.16701,43315.83368,39.0367825,-123.0909208,659.51,3D-V Fix,1.8,26,3.52,3.6,James I,2018-8-3 21:00,8/3/18 21:00
489,HRG 192 F2,F2,41886,43316.16715,43315.83382,39.0174517,-123.0657169,610.78,3D-V Fix,1.6,26,3.52,0.08,Orchard,2018-8-3 21:00,8/3/18 21:00
490,HRG 192 F2,F2,41886,43316.20836,43315.87502,39.0174556,-123.0653042,613.41,3D-V Fix,1.8,25,3.6,0.08,Orchard,2018-8-3 22:00,8/3/18 22:00
491,HRG 194,A4,41888,43316.20847,43315.87514,39.03673,-123.0909197,676.22,3D-V Fix,2.2,25,3.52,3.6,James I,2018-8-3 22:00,8/3/18 22:00
492,HRG 196 K4,K4,41890,43316.20848,43315.87515,38.9996697,-123.0958094,218.46,3D-V Fix,4.2,24,3.52,3.52,Foster Bio,2018-8-3 22:00,8/3/18 22:00
493,HRG 192 F2,F2,41886,43316.25013,43315.91679,39.0173717,-123.0649311,624.89,3D-V Fix,3.2,25,3.6,0.16,Orchard,2018-8-3 23:00,8/3/18 23:00
494,HRG 194,A4,41888,43316.25014,43315.91681,39.0367219,-123.0908772,666.23,3D-V Fix,2.6,25,3.52,3.6,James I,2018-8-3 23:00,8/3/18 23:00
495,HRG 196 K4,K4,41890,43316.25035,43315.91701,38.9996192,-123.0958206,228.55,3D-V Fix,2,25,3.52,3.6,Foster Bio,2018-8-3 23:00,8/3/18 23:00
496,HRG 192 F2,F2,41886,43316.2917,43315.95837,39.0174253,-123.0649786,623.93,3D-V Fix,2.6,26,3.6,0.16,Orchard,2018-8-4 00:00,8/4/18 0:00
497,HRG 194,A4,41888,43316.29179,43315.95846,39.0367467,-123.0909097,672.36,3D-V Fix,3,25,3.52,3.6,James I,2018-8-4 00:00,8/4/18 0:00
498,HRG 196 K4,K4,41890,43316.29183,43315.9585,38.9988925,-123.0964567,221.72,3D-V Fix,2,24,3.52,3.52,Foster Bio,2018-8-4 00:00,8/4/18 0:00
499,HRG 192 F2,F2,41886,43316.33368,43316.00035,39.0173844,-123.0649986,626.32,3D-V Fix,2.2,25,3.52,0.16,Orchard,2018-8-4 01:00,8/4/18 1:00
500,HRG 196 K4,K4,41890,43316.33367,43316.00034,38.99897,-123.095925,225.39,3D-V Fix,2.6,23,3.52,3.52,Foster Bio,2018-8-4 01:00,8/4/18 1:00
501,HRG 194,A4,41888,43316.33395,43316.00061,39.0375433,-123.0912764,660.11,3D-V Fix,3.6,25,3.52,3.52,James I,2018-8-4 01:00,8/4/18 1:00
502,HRG 196 K4,K4,41890,43316.37517,43316.04184,38.9984936,-123.0960222,300.23,3D-V Fix,2.4,22,3.52,3.52,Foster Bio,2018-8-4 02:00,8/4/18 2:00
503,HRG 192 F2,F2,41886,43316.37521,43316.04188,39.0174928,-123.0649661,632.16,3D-V Fix,1.8,25,3.6,0.16,Orchard,2018-8-4 02:00,8/4/18 2:00
504,HRG 194,A4,41888,43316.37523,43316.0419,39.0370478,-123.0921578,653.37,3D-V Fix,1.4,24,3.52,3.6,James I,2018-8-4 02:00,8/4/18 2:00
505,HRG 192 F2,F2,41886,43316.41684,43316.08351,39.0184397,-123.0645047,650.1,3D-V Fix,2.2,21,3.6,0.16,Orchard,2018-8-4 03:00,8/4/18 3:00
506,HRG 194,A4,41888,43316.41683,43316.0835,39.0369906,-123.092165,656.43,3D-V Fix,1.8,24,3.52,3.52,James I,2018-8-4 03:00,8/4/18 3:00
507,HRG 196 K4,K4,41890,43316.41704,43316.0837,38.9986383,-123.0959775,245.46,3D-V Fix,3.8,22,3.52,3.52,Foster Bio,2018-8-4 03:00,8/4/18 3:00
508,HRG 196 K4,K4,41890,43316.4585,43316.12516,38.9987439,-123.0958939,215.08,3D-V Fix,3.6,21,3.52,3.52,Foster Bio,2018-8-4 04:00,8/4/18 4:00
509,HRG 194,A4,41888,43316.45869,43316.12536,39.0370622,-123.0921128,652.96,3D-V Fix,2,24,3.52,3.6,James I,2018-8-4 04:00,8/4/18 4:00
510,HRG 192 F2,F2,41886,43316.45889,43316.12556,39.0188689,-123.0637281,670.73,3D-V Fix,2,23,3.52,0.16,Orchard,2018-8-4 04:00,8/4/18 4:00
511,HRG 192 F2,F2,41886,43316.5001,43316.16677,39.0200567,-123.0636628,668.42,3D-V Fix,3,22,3.6,0.16,Orchard,2018-8-4 05:00,8/4/18 5:00
512,HRG 194,A4,41888,43316.50023,43316.1669,39.0370989,-123.0921889,647.95,3D-V Fix,1.8,23,3.52,3.6,James I,2018-8-4 05:00,8/4/18 5:00
513,HRG 196 K4,K4,41890,43316.50034,43316.167,38.9985686,-123.0961436,234.36,3D-V Fix,2,21,3.52,3.52,Foster Bio,2018-8-4 05:00,8/4/18 5:00
514,HRG 196 K4,K4,41890,43316.54181,43316.20847,38.9985883,-123.0961656,230.05,3D-V Fix,1.8,21,3.52,3.52,Foster Bio,2018-8-4 06:00,8/4/18 6:00
515,HRG 192 F2,F2,41886,43316.54201,43316.20868,39.0197881,-123.0655558,648.03,3D-V Fix,1.6,20,3.52,0.16,Orchard,2018-8-4 06:00,8/4/18 6:00
516,HRG 192 F2,F2,41886,43316.58353,43316.2502,39.0195778,-123.0645983,660.97,3D-V Fix,2.6,20,3.6,0.16,Orchard,2018-8-4 07:00,8/4/18 7:00
517,HRG 192 F2,F2,41886,43316.62513,43316.29179,39.0174764,-123.0656622,610.57,3D-V Fix,2.4,22,3.6,0.16,Orchard,2018-8-4 08:00,8/4/18 8:00
518,HRG 192 F2,F2,41886,43316.66721,43316.33388,39.0171942,-123.0658239,599.98,3D-V Fix,3.2,23,3.52,0.16,Orchard,2018-8-4 09:00,8/4/18 9:00
519,HRG 192 F2,F2,41886,43316.70845,43316.37512,39.0165383,-123.0681683,545.29,3D-V Fix,1.8,27,3.6,0.16,Orchard,2018-8-4 10:00,8/4/18 10:00
520,HRG 192 F2,F2,41886,43316.75013,43316.41679,39.0153406,-123.0691483,536.29,3D-V Fix,3.6,31,3.6,0.16,Orchard,2018-8-4 11:00,8/4/18 11:00
521,HRG 192 F2,F2,41886,43316.79201,43316.45868,39.0153256,-123.0691517,536.74,3D-V Fix,1.8,31,3.52,0.16,Orchard,2018-8-4 12:00,8/4/18 12:00
522,HRG 192 F2,F2,41886,43316.83389,43316.50056,39.0160711,-123.0706531,533.08,3D-V Fix,5.8,34,3.52,0.16,Orchard,2018-8-4 13:00,8/4/18 13:00
523,HRG 192 F2,F2,41886,43316.87513,43316.54179,39.0153886,-123.0714261,518.59,3D-V Fix,5.2,32,3.6,0.16,Orchard,2018-8-4 14:00,8/4/18 14:00
524,HRG 192 F2,F2,41886,43316.91709,43316.58376,39.0155303,-123.0702344,527.77,3D-V Fix,2.6,35,3.52,0.16,Orchard,2018-8-4 15:00,8/4/18 15:00
525,HRG 192 F2,F2,41886,43316.95888,43316.62554,39.0151036,-123.0693644,532.22,3D-V Fix,3.2,35,3.52,0.16,Orchard,2018-8-4 16:00,8/4/18 16:00
526,HRG 192 F2,F2,41886,43317.00021,43316.66688,39.0147425,-123.0671378,553.11,3D-V Fix,1.8,31,3.6,0.16,Orchard,2018-8-4 17:00,8/4/18 17:00
527,HRG 192 F2,F2,41886,43317.04201,43316.70868,39.0147419,-123.0670544,553.17,3D-V Fix,1.6,28,3.6,0.16,Orchard,2018-8-4 18:00,8/4/18 18:00
528,HRG 192 F2,F2,41886,43317.08353,43316.7502,39.0152831,-123.0669594,547.34,3D-V Fix,3.2,29,3.6,0.16,Orchard,2018-8-4 19:00,8/4/18 19:00
529,HRG 192 F2,F2,41886,43317.12512,43316.79178,39.0178436,-123.0678575,560.26,3D-V Fix,2.4,25,3.6,0.16,Orchard,2018-8-4 20:00,8/4/18 20:00
530,HRG 192 F2,F2,41886,43317.16683,43316.8335,39.0175542,-123.0657189,607.85,3D-V Fix,5.2,23,3.6,0.16,Orchard,2018-8-4 21:00,8/4/18 21:00
531,HRG 192 F2,F2,41886,43317.20889,43316.87556,39.0174678,-123.0656689,613.34,3D-V Fix,5.4,24,3.52,0.16,Orchard,2018-8-4 22:00,8/4/18 22:00
532,HRG 192 F2,F2,41886,43317.25009,43316.91676,39.0175161,-123.0658158,611.46,3D-V Fix,3.2,23,3.6,0.16,Orchard,2018-8-4 23:00,8/4/18 23:00
533,HRG 192 F2,F2,41886,43317.292,43316.95867,39.0174514,-123.0657808,609.24,3D-V Fix,1.4,21,3.52,0.16,Orchard,2018-8-5 00:00,8/5/18 0:00
534,HRG 192 F2,F2,41886,43317.33353,43317.0002,39.0175239,-123.0657481,607.24,3D-V Fix,2.4,22,3.6,0.16,Orchard,2018-8-5 01:00,8/5/18 1:00
535,HRG 192 F2,F2,41886,43317.37512,43317.04178,39.0174225,-123.0658567,629.05,3D-V Fix,2.6,22,3.6,0.16,Orchard,2018-8-5 02:00,8/5/18 2:00
536,HRG 192 F2,F2,41886,43317.417,43317.08367,39.0175181,-123.0656808,606.44,3D-V Fix,1.8,22,3.52,0.16,Orchard,2018-8-5 03:00,8/5/18 3:00
537,HRG 192 F2,F2,41886,43317.45852,43317.12519,39.0175342,-123.0656328,609.01,3D-V Fix,2.6,21,3.6,0.16,Orchard,2018-8-5 04:00,8/5/18 4:00
538,HRG 192 F2,F2,41886,43317.50009,43317.16676,39.0173717,-123.0657164,629.66,3D-V Fix,2.6,21,3.6,0.16,Orchard,2018-8-5 05:00,8/5/18 5:00
539,HRG 192 F2,F2,41886,43317.54189,43317.20855,39.0174842,-123.0657497,622.22,3D-V Fix,1.6,21,3.52,0.16,Orchard,2018-8-5 06:00,8/5/18 6:00
540,HRG 192 F2,F2,41886,43317.58354,43317.25021,39.018805,-123.0646367,655.66,3D-V Fix,2.4,19,3.52,0.16,Orchard,2018-8-5 07:00,8/5/18 7:00
541,HRG 192 F2,F2,41886,43317.62509,43317.29176,39.0188067,-123.0615453,711,3D-V Fix,3,21,3.6,0.16,Orchard,2018-8-5 08:00,8/5/18 8:00
542,HRG 192 F2,F2,41886,43317.66701,43317.33368,39.0137203,-123.0614258,599.48,3D-V Fix,2,25,3.52,0.16,Orchard,2018-8-5 09:00,8/5/18 9:00
543,HRG 192 F2,F2,41886,43317.70854,43317.37521,39.0129542,-123.0655153,566.27,3D-V Fix,3.8,26,3.6,0.16,Orchard,2018-8-5 10:00,8/5/18 10:00
544,HRG 192 F2,F2,41886,43317.75009,43317.41676,39.0100331,-123.0670256,488.41,3D-V Fix,4.2,29,3.6,0.16,Orchard,2018-8-5 11:00,8/5/18 11:00
545,HRG 192 F2,F2,41886,43317.79201,43317.45868,39.0147581,-123.0671119,554.18,3D-V Fix,1.8,29,3.52,0.16,Orchard,2018-8-5 12:00,8/5/18 12:00
546,HRG 192 F2,F2,41886,43317.83389,43317.50056,39.014765,-123.0671911,543.66,3D-V Fix,2.2,30,3.52,0.16,Orchard,2018-8-5 13:00,8/5/18 13:00
547,HRG 192 F2,F2,41886,43317.87509,43317.54176,39.0154525,-123.0685103,540,3D-V Fix,1.8,33,3.6,0.16,Orchard,2018-8-5 14:00,8/5/18 14:00
548,HRG 192 F2,F2,41886,43317.91701,43317.58368,39.0167686,-123.0687333,547.1,3D-V Fix,2,34,3.52,0.16,Orchard,2018-8-5 15:00,8/5/18 15:00
549,HRG 192 F2,F2,41886,43317.9586,43317.62527,39.0167717,-123.0687156,529.2,3D-V Fix,2.8,33,3.6,0.16,Orchard,2018-8-5 16:00,8/5/18 16:00
550,HRG 192 F2,F2,41886,43318.00019,43317.66685,39.0167081,-123.0686669,550.65,3D-V Fix,3.2,33,3.6,0.16,Orchard,2018-8-5 17:00,8/5/18 17:00
551,HRG 192 F2,F2,41886,43318.04201,43317.70868,39.0168058,-123.0683044,553.12,3D-V Fix,1.6,33,3.6,0.16,Orchard,2018-8-5 18:00,8/5/18 18:00
552,HRG 192 F2,F2,41886,43318.08353,43317.7502,39.0175736,-123.0657528,627.42,3D-V Fix,4,31,3.6,0.16,Orchard,2018-8-5 19:00,8/5/18 19:00
553,HRG 192 F2,F2,41886,43318.12523,43317.7919,39.0175061,-123.0656328,606.49,3D-V Fix,1.8,28,3.6,0.16,Orchard,2018-8-5 20:00,8/5/18 20:00
554,HRG 192 F2,F2,41886,43318.16676,43317.83343,39.0173522,-123.0656597,606.91,3D-V Fix,2.6,25,3.6,0.16,Orchard,2018-8-5 21:00,8/5/18 21:00
555,HRG 192 F2,F2,41886,43318.20852,43317.87519,39.0181733,-123.0669489,599.24,3D-V Fix,3.2,24,3.6,0.16,Orchard,2018-8-5 22:00,8/5/18 22:00
556,HRG 192 F2,F2,41886,43318.25036,43317.91703,39.0180983,-123.0670292,595.24,3D-V Fix,2.4,22,3.52,0.16,Orchard,2018-8-5 23:00,8/5/18 23:00
557,HRG 192 F2,F2,41886,43318.29185,43317.95852,39.0181439,-123.0670572,592.17,3D-V Fix,2,22,3.6,0.16,Orchard,2018-8-6 00:00,8/6/18 0:00
558,HRG 192 F2,F2,41886,43318.33355,43318.00022,39.0181183,-123.0670781,605.2,3D-V Fix,1.6,21,3.52,0.16,Orchard,2018-8-6 01:00,8/6/18 1:00
559,HRG 192 F2,F2,41886,43318.37519,43318.04185,39.0181719,-123.0670572,594.69,3D-V Fix,1.4,21,3.6,0.16,Orchard,2018-8-6 02:00,8/6/18 2:00
560,HRG 192 F2,F2,41886,43318.417,43318.08367,39.0181775,-123.067,600.27,3D-V Fix,2,20,3.52,0.16,Orchard,2018-8-6 03:00,8/6/18 3:00
561,HRG 192 F2,F2,41886,43318.45851,43318.12517,39.0180958,-123.0670581,597.14,3D-V Fix,2.6,21,3.6,0.16,Orchard,2018-8-6 04:00,8/6/18 4:00
562,HRG 192 F2,F2,41886,43318.50023,43318.1669,39.0180892,-123.0670397,604.42,3D-V Fix,2.4,20,3.6,0.16,Orchard,2018-8-6 05:00,8/6/18 5:00
563,HRG 192 F2,F2,41886,43318.54186,43318.20853,39.0188211,-123.0675742,569.28,3D-V Fix,7.6,20,3.6,0.16,Orchard,2018-8-6 06:00,8/6/18 6:00
564,HRG 192 F2,F2,41886,43318.58368,43318.25035,39.0185,-123.0659092,608.48,3D-V Fix,2.2,20,3.52,0.16,Orchard,2018-8-6 07:00,8/6/18 7:00
565,HRG 192 F2,F2,41886,43318.62517,43318.29184,39.0183661,-123.0659581,604.59,3D-V Fix,2.4,20,3.6,0.16,Orchard,2018-8-6 08:00,8/6/18 8:00
566,HRG 192 F2,F2,41886,43318.66686,43318.33353,39.0157422,-123.0671417,552.73,3D-V Fix,3.6,25,3.6,0.16,Orchard,2018-8-6 09:00,8/6/18 9:00
567,HRG 192 F2,F2,41886,43318.70867,43318.37534,39.0147408,-123.0680686,542.21,3D-V Fix,3.8,28,3.52,0.16,Orchard,2018-8-6 10:00,8/6/18 10:00
568,HRG 192 F2,F2,41886,43318.75056,43318.41722,39.0139769,-123.0681872,540.46,3D-V Fix,4.6,32,3.52,0.16,Orchard,2018-8-6 11:00,8/6/18 11:00
569,HRG 192 F2,F2,41886,43318.79201,43318.45868,39.013985,-123.0677611,540.97,3D-V Fix,1.6,33,3.52,0.16,Orchard,2018-8-6 12:00,8/6/18 12:00
570,HRG 192 F2,F2,41886,43318.83368,43318.50035,39.0147714,-123.0670061,552.32,3D-V Fix,2.6,32,3.6,0.16,Orchard,2018-8-6 13:00,8/6/18 13:00
571,HRG 192 F2,F2,41886,43318.87516,43318.54183,39.0147697,-123.0669631,538.28,3D-V Fix,2.2,34,3.6,0.16,Orchard,2018-8-6 14:00,8/6/18 14:00
572,HRG 192 F2,F2,41886,43318.917,43318.58367,39.0149128,-123.0668706,555.19,3D-V Fix,1.8,35,3.6,0.16,Orchard,2018-8-6 15:00,8/6/18 15:00
573,HRG 192 F2,F2,41886,43318.95851,43318.62517,39.0148756,-123.0668542,547.58,3D-V Fix,3,35,3.6,0.16,Orchard,2018-8-6 16:00,8/6/18 16:00
574,HRG 192 F2,F2,41886,43319.00035,43318.66701,39.0151356,-123.0676614,538.95,3D-V Fix,2.2,34,3.6,0.16,Orchard,2018-8-6 17:00,8/6/18 17:00
575,HRG 192 F2,F2,41886,43319.04183,43318.7085,39.0154192,-123.0684247,544.59,3D-V Fix,2.2,35,3.6,0.16,Orchard,2018-8-6 18:00,8/6/18 18:00
576,HRG 192 F2,F2,41886,43319.08368,43318.75035,39.0169389,-123.0661544,584.12,3D-V Fix,4.4,33,3.6,0.16,Orchard,2018-8-6 19:00,8/6/18 19:00
577,HRG 192 F2,F2,41886,43319.12535,43318.79201,39.0173192,-123.0653631,614.64,3D-V Fix,2.4,28,3.6,0.16,Orchard,2018-8-6 20:00,8/6/18 20:00
578,HRG 192 F2,F2,41886,43319.16684,43318.83351,39.0172906,-123.0653853,610.61,3D-V Fix,3.2,25,3.6,0.16,Orchard,2018-8-6 21:00,8/6/18 21:00
579,HRG 192 F2,F2,41886,43319.20851,43318.87517,39.0175661,-123.0657589,590.32,3D-V Fix,4,26,3.6,0.16,Orchard,2018-8-6 22:00,8/6/18 22:00
580,HRG 192 F2,F2,41886,43319.25034,43318.917,39.0175008,-123.0657586,615.15,3D-V Fix,1.6,25,3.52,0.16,Orchard,2018-8-6 23:00,8/6/18 23:00
581,HRG 192 F2,F2,41886,43319.29175,43318.95841,39.0174194,-123.0653567,624.73,3D-V Fix,2,24,3.6,0.16,Orchard,2018-8-7 00:00,8/7/18 0:00
582,HRG 192 F2,F2,41886,43319.33348,43319.00015,39.0188572,-123.0645814,653.28,3D-V Fix,3.4,23,3.6,0.16,Orchard,2018-8-7 01:00,8/7/18 1:00
583,HRG 192 F2,F2,41886,43319.3752,43319.04186,39.0182258,-123.0630528,714.37,3D-V Fix,2.8,24,3.6,0.16,Orchard,2018-8-7 02:00,8/7/18 2:00
584,HRG 192 F2,F2,41886,43319.417,43319.08367,39.0185947,-123.0643731,660.63,3D-V Fix,2.2,24,3.52,0.16,Orchard,2018-8-7 03:00,8/7/18 3:00
585,HRG 192 F2,F2,41886,43319.4585,43319.12516,39.0185786,-123.0643942,643.8,3D-V Fix,1.8,25,3.6,0.16,Orchard,2018-8-7 04:00,8/7/18 4:00
586,HRG 192 F2,F2,41886,43319.50016,43319.16683,39.0187228,-123.0642197,674.85,3D-V Fix,2,24,3.6,0.16,Orchard,2018-8-7 05:00,8/7/18 5:00
587,HRG 192 F2,F2,41886,43319.54201,43319.20868,39.0188425,-123.0637214,664.8,3D-V Fix,1.6,25,3.52,0.16,Orchard,2018-8-7 06:00,8/7/18 6:00
588,HRG 192 F2,F2,41886,43319.58348,43319.25015,39.0188617,-123.0638108,665.35,3D-V Fix,1.8,23,3.6,0.16,Orchard,2018-8-7 07:00,8/7/18 7:00
589,HRG 192 F2,F2,41886,43319.62515,43319.29182,39.0184108,-123.0628489,676.29,3D-V Fix,2.4,24,3.6,0.16,Orchard,2018-8-7 08:00,8/7/18 8:00
590,HRG 192 F2,F2,41886,43319.66697,43319.33363,39.0180181,-123.0633056,661.82,3D-V Fix,2.4,26,3.52,0.16,Orchard,2018-8-7 09:00,8/7/18 9:00
591,HRG 192 F2,F2,41886,43319.70867,43319.37534,39.0180172,-123.0637314,661.93,3D-V Fix,3,27,3.52,0.16,Orchard,2018-8-7 10:00,8/7/18 10:00
592,HRG 192 F2,F2,41886,43319.75015,43319.41682,39.0180719,-123.0637614,678.25,3D-V Fix,2.4,28,3.6,0.16,Orchard,2018-8-7 11:00,8/7/18 11:00
593,HRG 192 F2,F2,41886,43319.79189,43319.45855,39.0184922,-123.0628547,677.88,3D-V Fix,1.8,30,3.6,0.16,Orchard,2018-8-7 12:00,8/7/18 12:00
594,HRG 192 F2,F2,41886,43319.83369,43319.50036,39.0184747,-123.06286,665.96,3D-V Fix,2.2,32,3.6,0.16,Orchard,2018-8-7 13:00,8/7/18 13:00
595,HRG 192 F2,F2,41886,43319.87514,43319.54181,39.0183694,-123.0627519,696.26,3D-V Fix,1.6,34,3.6,0.16,Orchard,2018-8-7 14:00,8/7/18 14:00
596,HRG 192 F2,F2,41886,43319.91704,43319.5837,39.0202697,-123.0643619,664.62,3D-V Fix,2.2,35,3.6,0.16,Orchard,2018-8-7 15:00,8/7/18 15:00
597,HRG 192 F2,F2,41886,43319.95867,43319.62534,39.0194258,-123.0639206,659.55,3D-V Fix,2.8,35,3.52,0.16,Orchard,2018-8-7 16:00,8/7/18 16:00
598,HRG 192 F2,F2,41886,43320.00035,43319.66701,39.0188806,-123.0637797,677.07,3D-V Fix,3.6,33,3.6,0.16,Orchard,2018-8-7 17:00,8/7/18 17:00
599,HRG 192 F2,F2,41886,43320.04183,43319.7085,39.0182325,-123.0632475,676.9,3D-V Fix,6,33,3.6,0.16,Orchard,2018-8-7 18:00,8/7/18 18:00
600,HRG 192 F2,F2,41886,43320.08368,43319.75035,39.0180997,-123.0632475,664.94,3D-V Fix,2.8,29,3.6,0.16,Orchard,2018-8-7 19:00,8/7/18 19:00
601,HRG 192 F2,F2,41886,43320.12515,43319.79182,39.0174336,-123.0647003,627.53,3D-V Fix,1.8,27,3.6,0.16,Orchard,2018-8-7 20:00,8/7/18 20:00
602,HRG 192 F2,F2,41886,43320.16682,43319.83348,39.0173758,-123.0649328,608.47,3D-V Fix,3,25,3.6,0.16,Orchard,2018-8-7 21:00,8/7/18 21:00
603,HRG 192 F2,F2,41886,43320.20856,43319.87523,39.0173742,-123.0649667,626.14,3D-V Fix,3,24,3.6,0.16,Orchard,2018-8-7 22:00,8/7/18 22:00
604,HRG 192 F2,F2,41886,43320.25015,43319.91682,39.0174303,-123.0649667,631.18,3D-V Fix,2.4,24,3.6,0.16,Orchard,2018-8-7 23:00,8/7/18 23:00
605,HRG 192 F2,F2,41886,43320.29174,43319.9584,39.0175461,-123.0647608,634.36,3D-V Fix,2,24,3.6,0.16,Orchard,2018-8-8 00:00,8/8/18 0:00
606,HRG 192 F2,F2,41886,43320.33367,43320.00034,39.0173736,-123.0649142,646.87,3D-V Fix,2.2,23,3.52,0.16,Orchard,2018-8-8 01:00,8/8/18 1:00
607,HRG 192 F2,F2,41886,43320.37515,43320.04182,39.0174011,-123.0648683,638.33,3D-V Fix,2.4,23,3.6,0.16,Orchard,2018-8-8 02:00,8/8/18 2:00
608,HRG 192 F2,F2,41886,43320.417,43320.08367,39.0182214,-123.0637617,660.98,3D-V Fix,3,22,3.52,0.16,Orchard,2018-8-8 03:00,8/8/18 3:00
609,HRG 192 F2,F2,41886,43320.45847,43320.12514,39.0184956,-123.0627356,672.63,3D-V Fix,1.8,22,3.6,0.16,Orchard,2018-8-8 04:00,8/8/18 4:00
610,HRG 192 F2,F2,41886,43320.50014,43320.16681,39.0184278,-123.0627747,673.98,3D-V Fix,2.4,22,3.6,0.16,Orchard,2018-8-8 05:00,8/8/18 5:00
611,HRG 192 F2,F2,41886,43320.54201,43320.20868,39.0184208,-123.0627747,673.35,3D-V Fix,1.6,22,3.52,0.16,Orchard,2018-8-8 06:00,8/8/18 6:00
612,HRG 192 F2,F2,41886,43320.58348,43320.25015,39.0180339,-123.0633217,662.85,3D-V Fix,1.8,23,3.6,0.16,Orchard,2018-8-8 07:00,8/8/18 7:00
613,HRG 192 F2,F2,41886,43320.62515,43320.29182,39.0186944,-123.0639439,667.63,3D-V Fix,2.4,25,3.6,0.16,Orchard,2018-8-8 08:00,8/8/18 8:00
614,HRG 192 F2,F2,41886,43320.66701,43320.33368,39.0189744,-123.0649944,630.85,3D-V Fix,2.6,28,3.52,0.16,Orchard,2018-8-8 09:00,8/8/18 9:00
615,HRG 192 F2,F2,41886,43320.7085,43320.37516,39.0174389,-123.0647981,644.3,3D-V Fix,3.6,31,3.6,0.16,Orchard,2018-8-8 10:00,8/8/18 10:00
616,HRG 192 F2,F2,41886,43320.75016,43320.41683,39.0174217,-123.0653197,605.35,3D-V Fix,5.2,29,3.6,0.16,Orchard,2018-8-8 11:00,8/8/18 11:00
617,HRG 192 F2,F2,41886,43320.79201,43320.45868,39.0173006,-123.0650667,628.31,3D-V Fix,1.4,30,3.52,0.16,Orchard,2018-8-8 12:00,8/8/18 12:00
618,HRG 192 F2,F2,41886,43320.83347,43320.50014,39.0173006,-123.0654211,617.18,3D-V Fix,2.4,34,3.6,0.16,Orchard,2018-8-8 13:00,8/8/18 13:00
619,HRG 192 F2,F2,41886,43320.87513,43320.54179,39.01784,-123.0658344,602.03,3D-V Fix,1.6,36,3.6,0.16,Orchard,2018-8-8 14:00,8/8/18 14:00
620,HRG 192 F2,F2,41886,43320.91701,43320.58368,39.0178353,-123.0678147,550.28,3D-V Fix,2,39,3.6,0.16,Orchard,2018-8-8 15:00,8/8/18 15:00
621,HRG 192 F2,F2,41886,43320.95848,43320.62515,39.0180069,-123.0677147,556.92,3D-V Fix,3.8,37,3.6,0.16,Orchard,2018-8-8 16:00,8/8/18 16:00
622,HRG 192 F2,F2,41886,43321.00015,43320.66682,39.0179147,-123.0678047,552.09,3D-V Fix,3,37,3.6,0.16,Orchard,2018-8-8 17:00,8/8/18 17:00
623,HRG 192 F2,F2,41886,43321.04201,43320.70868,39.0174111,-123.0679122,559.14,3D-V Fix,3.2,35,3.6,0.16,Orchard,2018-8-8 18:00,8/8/18 18:00
624,HRG 192 F2,F2,41886,43321.08348,43320.75015,39.0172483,-123.0665206,589.38,3D-V Fix,4.8,34,3.6,0.08,Orchard,2018-8-8 19:00,8/8/18 19:00
625,HRG 192 F2,F2,41886,43321.12535,43320.79201,39.0174036,-123.0650011,620.53,3D-V Fix,1.6,32,3.6,0.16,Orchard,2018-8-8 20:00,8/8/18 20:00
626,HRG 192 F2,F2,41886,43321.16679,43320.83346,39.0174011,-123.0649283,630.4,3D-V Fix,2,28,3.6,0.08,Orchard,2018-8-8 21:00,8/8/18 21:00
627,HRG 192 F2,F2,41886,43321.20848,43320.87515,39.0174244,-123.0649367,619.27,3D-V Fix,3,26,3.6,0.16,Orchard,2018-8-8 22:00,8/8/18 22:00
628,HRG 192 F2,F2,41886,43321.25036,43320.91703,39.0189828,-123.0649689,631.28,3D-V Fix,3.6,25,3.52,0.16,Orchard,2018-8-8 23:00,8/8/18 23:00
629,HRG 192 F2,F2,41886,43321.29222,43320.95889,39.0189819,-123.064935,644.1,3D-V Fix,1.6,24,3.52,0.16,Orchard,2018-8-9 00:00,8/9/18 0:00
630,HRG 192 F2,F2,41886,43321.33346,43321.00013,39.0189569,-123.0649664,636.44,3D-V Fix,3.8,24,3.6,0.16,Orchard,2018-8-9 01:00,8/9/18 1:00
631,HRG 192 F2,F2,41886,43321.37513,43321.04179,39.0190486,-123.0649175,636.55,3D-V Fix,2.8,24,3.6,0.16,Orchard,2018-8-9 02:00,8/9/18 2:00
632,HRG 192 F2,F2,41886,43321.41703,43321.08369,39.0189847,-123.0649022,635.8,3D-V Fix,2.2,24,3.52,0.16,Orchard,2018-8-9 03:00,8/9/18 3:00
633,HRG 192 F2,F2,41886,43321.45855,43321.12522,39.0189858,-123.0649675,648.34,3D-V Fix,2.2,24,3.6,0.16,Orchard,2018-8-9 04:00,8/9/18 4:00
634,HRG 192 F2,F2,41886,43321.50008,43321.16675,39.0190283,-123.0649181,639.35,3D-V Fix,2,23,3.6,0.16,Orchard,2018-8-9 05:00,8/9/18 5:00
635,HRG 192 F2,F2,41886,43321.54228,43321.20895,39.0190267,-123.0649022,639.58,3D-V Fix,2.6,24,3.52,0.16,Orchard,2018-8-9 06:00,8/9/18 6:00
636,HRG 192 F2,F2,41886,43321.58346,43321.25013,39.0200636,-123.0667308,667.47,3D-V Fix,2.4,25,3.6,0.16,Orchard,2018-8-9 07:00,8/9/18 7:00
637,HRG 192 F2,F2,41886,43321.62514,43321.29181,39.0203831,-123.0679533,623.69,3D-V Fix,4.2,25,3.6,0.16,Orchard,2018-8-9 08:00,8/9/18 8:00
638,HRG 192 F2,F2,41886,43321.66701,43321.33368,39.0193353,-123.0688619,586.16,3D-V Fix,2.6,28,3.52,0.16,Orchard,2018-8-9 09:00,8/9/18 9:00
639,HRG 192 F2,F2,41886,43321.70896,43321.37563,39.0187642,-123.0687333,594.54,3D-V Fix,2.4,32,3.52,0.16,Orchard,2018-8-9 10:00,8/9/18 10:00
640,HRG 192 F2,F2,41886,43321.75023,43321.4169,39.0188917,-123.0688467,586.6,3D-V Fix,2.2,32,3.6,0.16,Orchard,2018-8-9 11:00,8/9/18 11:00
641,HRG 192 F2,F2,41886,43321.79201,43321.45868,39.0192286,-123.0689597,592.85,3D-V Fix,3.6,35,3.6,0.16,Orchard,2018-8-9 12:00,8/9/18 12:00
642,HRG 192 F2,F2,41886,43321.83389,43321.50056,39.0192706,-123.0689597,596.63,3D-V Fix,2.4,36,3.52,0.16,Orchard,2018-8-9 13:00,8/9/18 13:00
643,HRG 192 F2,F2,41886,43321.87521,43321.54188,39.0192794,-123.0686175,601.77,3D-V Fix,3,37,3.6,0.16,Orchard,2018-8-9 14:00,8/9/18 14:00
644,HRG 192 F2,F2,41886,43321.91701,43321.58368,39.0192086,-123.0686581,586.06,3D-V Fix,1.6,37,3.6,0.16,Orchard,2018-8-9 15:00,8/9/18 15:00
645,HRG 192 F2,F2,41886,43321.95854,43321.62521,39.0193764,-123.0690308,582.14,3D-V Fix,2.2,38,3.6,0.16,Orchard,2018-8-9 16:00,8/9/18 16:00
646,HRG 192 F2,F2,41886,43322.00013,43321.66679,39.0191628,-123.0686111,592.35,3D-V Fix,2.4,38,3.6,0.08,Orchard,2018-8-9 17:00,8/9/18 17:00
647,HRG 192 F2,F2,41886,43322.04198,43321.70865,39.0188539,-123.0680903,575.9,3D-V Fix,2.4,36,3.6,0.16,Orchard,2018-8-9 18:00,8/9/18 18:00
648,HRG 192 F2,F2,41886,43322.08355,43321.75022,39.0188353,-123.0681711,581.63,3D-V Fix,2.6,33,3.6,0.08,Orchard,2018-8-9 19:00,8/9/18 19:00
649,HRG 192 F2,F2,41886,43322.12506,43321.79172,39.0179911,-123.0676797,559.1,3D-V Fix,3.4,31,3.6,0.08,Orchard,2018-8-9 20:00,8/9/18 20:00
650,HRG 192 F2,F2,41886,43322.16701,43321.83368,39.0174044,-123.0649147,623.58,3D-V Fix,3,29,3.6,0.16,Orchard,2018-8-9 21:00,8/9/18 21:00
651,HRG 192 F2,F2,41886,43322.20855,43321.87522,39.0174133,-123.0649725,623.95,3D-V Fix,3.4,28,3.6,0.16,Orchard,2018-8-9 22:00,8/9/18 22:00
652,HRG 192 F2,F2,41886,43322.25015,43321.91682,39.0172908,-123.0648053,639.18,3D-V Fix,5.2,26,3.6,0.16,Orchard,2018-8-9 23:00,8/9/18 23:00
653,HRG 192 F2,F2,41886,43322.29201,43321.95868,39.0173767,-123.0650019,627.39,3D-V Fix,1.4,25,3.52,0.16,Orchard,2018-8-10 00:00,8/10/18 0:00
654,HRG 192 F2,F2,41886,43322.33354,43322.00021,39.0174717,-123.0648564,620.75,3D-V Fix,2.6,25,3.6,0.16,Orchard,2018-8-10 01:00,8/10/18 1:00
655,HRG 192 F2,F2,41886,43322.37515,43322.04182,39.0189178,-123.0650622,630.67,3D-V Fix,3,24,3.6,0.16,Orchard,2018-8-10 02:00,8/10/18 2:00
656,HRG 192 F2,F2,41886,43322.417,43322.08367,39.0188083,-123.0650992,671.1,3D-V Fix,6.4,24,3.52,0.16,Orchard,2018-8-10 03:00,8/10/18 3:00
657,HRG 192 F2,F2,41886,43322.45848,43322.12515,39.0189458,-123.064965,652.23,3D-V Fix,4,23,3.6,0.16,Orchard,2018-8-10 04:00,8/10/18 4:00
658,HRG 192 F2,F2,41886,43322.50056,43322.16722,39.0189833,-123.0649694,635.97,3D-V Fix,1.8,24,3.52,0.16,Orchard,2018-8-10 05:00,8/10/18 5:00
659,HRG 192 F2,F2,41886,43322.5417,43322.20837,39.0189536,-123.0650361,628.93,3D-V Fix,2,23,3.6,0.16,Orchard,2018-8-10 06:00,8/10/18 6:00