"","Station","BCI","DateTimeOriginal","Date","Time","Species","Month","TimeStamp"
"892","E05",1,"2018-07-28 14:49:41","7/28/2018","14:49:41","Deer - Doe",7,2018-07-28 14:49:41
"893","E05",2,"2018-07-28 12:36:46","7/28/2018","12:36:46","Deer - Doe",7,2018-07-28 12:36:46
"894","E05",2,"2018-07-28 14:49:48","7/28/2018","14:49:48","Deer - Doe",7,2018-07-28 14:49:48
"895","E05",3,"2018-07-28 12:36:44","7/28/2018","12:36:44","Deer - Doe",7,2018-07-28 12:36:44
"896","F08",2,"2018-07-28 14:22:50","7/28/2018","14:22:50","Deer - Doe",7,2018-07-28 14:22:50
"897","F08",3,"2018-07-28 10:50:39","7/28/2018","10:50:39","Deer - Doe",7,2018-07-28 10:50:39
"898","F08",3,"2018-07-28 23:54:03","7/28/2018","23:54:03","Deer - Doe",7,2018-07-28 23:54:03
"899","G11",2,"2018-07-28 8:49:59","7/28/2018","8:49:59","Deer - Doe",7,2018-07-28 08:49:59
"900","E05",3,"2018-07-30 20:15:08","7/30/2018","20:15:08","Deer - Doe",7,2018-07-30 20:15:08
"901","D08",1,"2018-07-31 7:07:36","7/31/2018","7:07:36","Deer - Buck",7,2018-07-31 07:07:36
"902","E05",2,"2018-07-31 0:51:54","7/31/2018","0:51:54","Deer - Doe",7,2018-07-31 00:51:54
"903","E11",2,"2018-07-31 6:08:16","7/31/2018","6:08:16","Deer - Buck",7,2018-07-31 06:08:16
"904","C03",3,"2018-08-01 10:27:54","8/1/2018","10:27:54","Deer - Doe",8,2018-08-01 10:27:54
"905","F08",2,"2018-08-01 9:51:30","8/1/2018","9:51:30","Deer - Doe",8,2018-08-01 09:51:30
"906","F08",4,"2018-08-01 19:11:52","8/1/2018","19:11:52","Deer - Doe",8,2018-08-01 19:11:52
"907","C03",2,"2018-08-02 12:37:56","8/2/2018","12:37:56","Deer - Doe",8,2018-08-02 12:37:56
"908","C03",3,"2018-08-02 12:37:42","8/2/2018","12:37:42","Deer - Doe",8,2018-08-02 12:37:42
"909","C03",4,"2018-08-03 12:45:38","8/3/2018","12:45:38","Deer - Doe",8,2018-08-03 12:45:38
"910","D08",3,"2018-08-03 12:36:36","8/3/2018","12:36:36","Deer - Buck",8,2018-08-03 12:36:36
"911","F08",2,"2018-08-03 8:47:53","8/3/2018","8:47:53","Deer - Doe",8,2018-08-03 08:47:53
"912","F08",3,"2018-08-03 13:43:54","8/3/2018","13:43:54","Deer - Doe",8,2018-08-03 13:43:54
"913","B02",2,"2018-08-04 2:45:00","8/4/2018","2:45:37","Deer - Doe",8,2018-08-04 02:45:00
"914","E09",0,"2018-08-04 14:55:46","8/4/2018","14:55:46","Deer - Doe",8,2018-08-04 14:55:46
"915","E09",1,"2018-08-04 14:55:36","8/4/2018","14:55:36","Deer - Doe",8,2018-08-04 14:55:36
"916","F08",2,"2018-08-04 0:11:11","8/4/2018","0:11:11","Deer - Doe",8,2018-08-04 00:11:11
"917","F08",2,"2018-08-04 1:45:41","8/4/2018","1:45:41","Deer - Doe",8,2018-08-04 01:45:41
"918","F08",2,"2018-08-04 6:52:37","8/4/2018","6:52:37","Deer - Doe",8,2018-08-04 06:52:37
"919","F08",3,"2018-08-04 6:52:18","8/4/2018","6:52:18","Deer - Doe",8,2018-08-04 06:52:18
"920","F08",4,"2018-08-04 4:42:35","8/4/2018","4:42:35","Deer - Doe",8,2018-08-04 04:42:35
"921","C03",4,"2018-08-05 3:54:57","8/5/2018","3:54:57","Deer - Doe",8,2018-08-05 03:54:57
"922","D08",4,"2018-08-05 9:30:51","8/5/2018","9:30:51","Deer - Buck",8,2018-08-05 09:30:51
"923","E05",3,"2018-08-05 5:01:23","8/5/2018","5:01:23","Deer - Doe",8,2018-08-05 05:01:23
"924","B02",2,"2018-08-06 1:42:00","8/6/2018","1:42:34","Deer - Doe",8,2018-08-06 01:42:00
"925","B02",2,"2018-08-06 23:56:00","8/6/2018","23:56:33","Deer - Doe",8,2018-08-06 23:56:00
"926","E09",1,"2018-08-06 14:58:58","8/6/2018","14:58:58","Deer - Doe",8,2018-08-06 14:58:58
"927","B02",4,"2018-08-07 4:07:00","8/7/2018","4:07:06","Deer - Buck",8,2018-08-07 04:07:00
"928","B02",2,"2018-08-07 4:08:00","8/7/2018","4:08:21","Deer - Doe",8,2018-08-07 04:08:00
"929","E05",2,"2018-08-07 16:30:14","8/7/2018","16:30:14","Deer - Doe",8,2018-08-07 16:30:14
"930","E05",2,"2018-08-07 19:21:35","8/7/2018","19:21:35","Deer - Doe",8,2018-08-07 19:21:35
"931","E05",3,"2018-08-07 19:32:54","8/7/2018","19:32:54","Deer - Doe",8,2018-08-07 19:32:54
"932","E05",3,"2018-08-08 14:05:14","8/8/2018","14:05:14","Deer - Doe",8,2018-08-08 14:05:14
"933","D08",2,"2018-08-09 17:42:13","8/9/2018","17:42:13","Deer - Doe",8,2018-08-09 17:42:13
"934","E05",3,"2018-08-09 7:42:24","8/9/2018","7:42:24","Deer - Doe",8,2018-08-09 07:42:24
"935","E05",4,"2018-08-09 6:03:48","8/9/2018","6:03:48","Deer - Doe",8,2018-08-09 06:03:48
"936","E05",4,"2018-08-09 7:43:41","8/9/2018","7:43:41","Deer - Doe",8,2018-08-09 07:43:41
"937","B02",3,"2018-08-10 19:19:00","8/10/2018","19:19:06","Deer - Doe",8,2018-08-10 19:19:00
"938","C09",3,"2018-08-10 22:51:05","8/10/2018","22:51:05","Deer - Buck",8,2018-08-10 22:51:05
"939","E05",3,"2018-08-10 6:39:45","8/10/2018","6:39:45","Deer - Doe",8,2018-08-10 06:39:45
"940","E09",2,"2018-08-10 5:41:00","8/10/2018","5:41:00","Deer - Doe",8,2018-08-10 05:41:00
"941","E09",2,"2018-08-10 6:18:47","8/10/2018","6:18:47","Deer - Doe",8,2018-08-10 06:18:47
"942","E09",3,"2018-08-10 6:18:51","8/10/2018","6:18:51","Deer - Doe",8,2018-08-10 06:18:51
"943","C03",3,"2018-08-11 6:04:28","8/11/2018","6:04:28","Deer - Doe",8,2018-08-11 06:04:28
"944","D04",3,"2018-08-11 8:42:39","8/11/2018","8:42:39","Deer - Doe",8,2018-08-11 08:42:39
"945","D04",4,"2018-08-11 8:42:58","8/11/2018","8:42:58","Deer - Doe",8,2018-08-11 08:42:58
"946","E05",3,"2018-08-11 6:21:35","8/11/2018","6:21:35","Deer - Doe",8,2018-08-11 06:21:35
"947","E09",0,"2018-08-11 21:15:14","8/11/2018","21:15:14","Deer - Doe",8,2018-08-11 21:15:14
"948","E09",1,"2018-08-11 21:15:07","8/11/2018","21:15:07","Deer - Doe",8,2018-08-11 21:15:07
"949","G09",3,"2018-08-11 16:10:29","8/11/2018","16:10:29","Deer - Doe",8,2018-08-11 16:10:29
"950","E05",2,"2018-08-12 7:04:15","8/12/2018","7:04:15","Deer - Doe",8,2018-08-12 07:04:15
"951","C03",3,"2018-08-13 11:55:18","8/13/2018","11:55:18","Deer - Doe",8,2018-08-13 11:55:18
"952","E09",1,"2018-08-13 21:53:29","8/13/2018","21:53:29","Deer - Doe",8,2018-08-13 21:53:29
"953","E09",2,"2018-08-13 6:20:34","8/13/2018","6:20:34","Deer - Doe",8,2018-08-13 06:20:34
"954","E09",2,"2018-08-13 21:44:37","8/13/2018","21:44:37","Deer - Doe",8,2018-08-13 21:44:37
"955","E09",3,"2018-08-13 6:21:01","8/13/2018","6:21:01","Deer - Doe",8,2018-08-13 06:21:01
"956","F08",2,"2018-08-13 20:47:58","8/13/2018","20:47:58","Deer - Doe",8,2018-08-13 20:47:58
"957","F10",3,"2018-08-13 14:11:28","8/13/2018","14:11:28","Deer - Buck",8,2018-08-13 14:11:28
"958","F10",4,"2018-08-13 14:11:28","8/13/2018","14:11:28","Deer - Buck",8,2018-08-13 14:11:28
"959","F10",3,"2018-08-13 14:11:28","8/13/2018","14:11:28","Deer - Doe",8,2018-08-13 14:11:28
"960","F10",4,"2018-08-13 14:11:28","8/13/2018","14:11:28","Deer - Doe",8,2018-08-13 14:11:28
"961","D08",2,"2018-08-14 12:47:06","8/14/2018","12:47:06","Deer - Buck",8,2018-08-14 12:47:06
"962","D08",3,"2018-08-14 22:59:08","8/14/2018","22:59:08","Deer - Doe",8,2018-08-14 22:59:08
"963","E05",3,"2018-08-14 6:02:06","8/14/2018","6:02:06","Deer - Doe",8,2018-08-14 06:02:06
"964","E05",3,"2018-08-14 6:26:36","8/14/2018","6:26:36","Deer - Doe",8,2018-08-14 06:26:36
"965","E05",4,"2018-08-14 6:26:14","8/14/2018","6:26:14","Deer - Doe",8,2018-08-14 06:26:14
"966","E09",0,"2018-08-14 10:24:40","8/14/2018","10:24:40","Deer - Doe",8,2018-08-14 10:24:40
"967","E09",2,"2018-08-14 10:24:58","8/14/2018","10:24:58","Deer - Doe",8,2018-08-14 10:24:58
"968","F08",3,"2018-08-14 8:12:09","8/14/2018","8:12:09","Deer - Doe",8,2018-08-14 08:12:09
"969","F10",3,"2018-08-14 6:44:27","8/14/2018","6:44:27","Deer - Buck",8,2018-08-14 06:44:27
"970","F10",3,"2018-08-14 6:44:27","8/14/2018","6:44:27","Deer - Doe",8,2018-08-14 06:44:27
"971","G09",4,"2018-08-14 9:03:07","8/14/2018","9:03:07","Deer - Buck",8,2018-08-14 09:03:07
"972","C03",2,"2018-08-15 12:46:47","8/15/2018","12:46:47","Deer - Doe",8,2018-08-15 12:46:47
"973","F10",3,"2018-08-15 8:32:48","8/15/2018","8:32:48","Deer - Buck",8,2018-08-15 08:32:48
"974","F10",3,"2018-08-15 8:32:48","8/15/2018","8:32:48","Deer - Doe",8,2018-08-15 08:32:48
"975","B02",4,"2018-08-16 4:25:00","8/16/2018","4:25:08","Deer - Buck",8,2018-08-16 04:25:00
"976","B02",3,"2018-08-16 7:31:00","8/16/2018","7:31:59","Deer - Doe",8,2018-08-16 07:31:00
"977","E07",5,"2018-08-16 4:42:58","8/16/2018","4:42:58","Deer - Buck",8,2018-08-16 04:42:58
"978","E11",2,"2018-08-16 8:47:57","8/16/2018","8:47:57","Deer - Doe",8,2018-08-16 08:47:57
"979","G09",3,"2018-08-16 15:26:28","8/16/2018","15:26:28","Deer - Doe",8,2018-08-16 15:26:28
"980","E05",1,"2018-08-17 6:03:00","8/17/2018","6:03:00","Deer - Doe",8,2018-08-17 06:03:00
"981","E05",3,"2018-08-17 5:52:08","8/17/2018","5:52:08","Deer - Doe",8,2018-08-17 05:52:08
"982","E09",2,"2018-08-17 5:18:46","8/17/2018","5:18:46","Deer - Doe",8,2018-08-17 05:18:46
"983","G09",4,"2018-08-17 21:37:20","8/17/2018","21:37:20","Deer - Buck",8,2018-08-17 21:37:20
"984","B02",3,"2018-08-18 5:11:00","8/18/2018","5:11:33","Deer - Buck",8,2018-08-18 05:11:00
"985","B02",4,"2018-08-18 5:11:00","8/18/2018","5:11:01","Deer - Buck",8,2018-08-18 05:11:00
"986","E05",2,"2018-08-18 22:03:25","8/18/2018","22:03:25","Deer - Doe",8,2018-08-18 22:03:25
"987","E07",3,"2018-08-18 3:33:24","8/18/2018","3:33:24","Deer - Doe",8,2018-08-18 03:33:24
"988","E09",1,"2018-08-18 10:22:17","8/18/2018","10:22:17","Deer - Doe",8,2018-08-18 10:22:17
"989","E09",1,"2018-08-18 11:50:14","8/18/2018","11:50:14","Deer - Doe",8,2018-08-18 11:50:14
"990","F08",4,"2018-08-18 17:03:57","8/18/2018","17:03:57","Deer - Doe",8,2018-08-18 17:03:57
"991","G09",3,"2018-08-18 1:18:51","8/18/2018","1:18:51","Deer - Doe",8,2018-08-18 01:18:51
"992","B02",3,"2018-08-19 11:13:00","8/19/2018","11:13:52","Deer - Buck",8,2018-08-19 11:13:00
"993","B02",1,"2018-08-19 9:48:00","8/19/2018","9:48:44","Deer - Doe",8,2018-08-19 09:48:00
"994","B02",1,"2018-08-19 18:06:00","8/19/2018","18:06:05","Deer - Doe",8,2018-08-19 18:06:00
"995","B02",2,"2018-08-19 8:28:00","8/19/2018","8:28:15","Deer - Doe",8,2018-08-19 08:28:00
"996","B02",3,"2018-08-19 8:32:00","8/19/2018","8:32:33","Deer - Doe",8,2018-08-19 08:32:00
"997","D08",1,"2018-08-19 8:36:07","8/19/2018","8:36:07","Deer - Doe",8,2018-08-19 08:36:07
"998","E09",1,"2018-08-19 5:44:34","8/19/2018","5:44:34","Deer - Doe",8,2018-08-19 05:44:34
"999","E09",1,"2018-08-19 7:36:34","8/19/2018","7:36:34","Deer - Doe",8,2018-08-19 07:36:34
"1000","D08",1,"2018-08-20 10:23:46","8/20/2018","10:23:46","Deer - Doe",8,2018-08-20 10:23:46
"1001","E09",3,"2018-08-20 10:37:37","8/20/2018","10:37:37","Deer - Doe",8,2018-08-20 10:37:37
"1002","E09",3,"2018-08-20 11:11:15","8/20/2018","11:11:15","Deer - Doe",8,2018-08-20 11:11:15
"1003","E11",0,"2018-08-20 17:19:44","8/20/2018","17:19:44","Deer - Doe",8,2018-08-20 17:19:44
"1004","F08",3,"2018-08-20 4:52:19","8/20/2018","4:52:19","Deer - Doe",8,2018-08-20 04:52:19
"1005","B02",2,"2018-08-21 11:01:00","8/21/2018","11:01:42","Deer - Doe",8,2018-08-21 11:01:00
"1006","B02",3,"2018-08-21 11:02:00","8/21/2018","11:02:24","Deer - Doe",8,2018-08-21 11:02:00
"1007","C03",1,"2018-08-21 18:30:54","8/21/2018","18:30:54","Deer - Doe",8,2018-08-21 18:30:54
"1008","C03",3,"2018-08-21 15:17:29","8/21/2018","15:17:29","Deer - Doe",8,2018-08-21 15:17:29
"1009","F08",2,"2018-08-21 9:09:52","8/21/2018","9:09:52","Deer - Doe",8,2018-08-21 09:09:52
"1010","F08",2,"2018-08-21 22:05:03","8/21/2018","22:05:03","Deer - Doe",8,2018-08-21 22:05:03
"1011","F08",3,"2018-08-21 22:08:26","8/21/2018","22:08:26","Deer - Doe",8,2018-08-21 22:08:26
"1012","B02",1,"2018-08-22 12:18:00","8/22/2018","12:18:14","Deer - Doe",8,2018-08-22 12:18:00
"1013","E05",1,"2018-08-22 9:05:49","8/22/2018","9:05:49","Deer - Doe",8,2018-08-22 09:05:49
"1014","E05",2,"2018-08-22 8:31:36","8/22/2018","8:31:36","Deer - Doe",8,2018-08-22 08:31:36
"1015","E05",2,"2018-08-22 9:27:55","8/22/2018","9:27:55","Deer - Doe",8,2018-08-22 09:27:55
"1016","E05",3,"2018-08-22 8:36:46","8/22/2018","8:36:46","Deer - Doe",8,2018-08-22 08:36:46
"1017","F10",2,"2018-08-22 15:31:26","8/22/2018","15:31:26","Deer - Buck",8,2018-08-22 15:31:26
"1018","F10",2,"2018-08-22 18:00:48","8/22/2018","18:00:48","Deer - Buck",8,2018-08-22 18:00:48
"1019","F10",2,"2018-08-22 15:31:26","8/22/2018","15:31:26","Deer - Doe",8,2018-08-22 15:31:26
"1020","F10",2,"2018-08-22 18:00:48","8/22/2018","18:00:48","Deer - Doe",8,2018-08-22 18:00:48
"1021","G09",5,"2018-08-22 11:40:23","8/22/2018","11:40:23","Deer - Buck",8,2018-08-22 11:40:23
"1022","G09",5,"2018-08-22 12:10:28","8/22/2018","12:10:28","Deer - Buck",8,2018-08-22 12:10:28
"1023","G09",4,"2018-08-22 1:47:58","8/22/2018","1:47:58","Deer - Doe",8,2018-08-22 01:47:58
"1024","E05",4,"2018-08-23 2:27:45","8/23/2018","2:27:45","Deer - Buck",8,2018-08-23 02:27:45
"1025","F06",3,"2018-08-23 5:43:17","8/23/2018","5:43:17","Deer - Doe",8,2018-08-23 05:43:17
"1026","F08",2,"2018-08-23 7:24:20","8/23/2018","7:24:20","Deer - Doe",8,2018-08-23 07:24:20
"1027","F08",2,"2018-08-23 11:25:23","8/23/2018","11:25:23","Deer - Doe",8,2018-08-23 11:25:23
"1028","F08",2,"2018-08-23 15:19:39","8/23/2018","15:19:39","Deer - Doe",8,2018-08-23 15:19:39
"1029","F08",3,"2018-08-23 11:21:51","8/23/2018","11:21:51","Deer - Doe",8,2018-08-23 11:21:51
"1030","F08",3,"2018-08-23 16:20:20","8/23/2018","16:20:20","Deer - Doe",8,2018-08-23 16:20:20
"1031","G11",1,"2018-08-23 9:59:25","8/23/2018","9:59:25","Deer - Doe",8,2018-08-23 09:59:25
"1032","B02",1,"2018-08-24 4:06:00","8/24/2018","4:06:19","Deer - Doe",8,2018-08-24 04:06:00
"1033","B02",2,"2018-08-24 4:08:00","8/24/2018","4:08:31","Deer - Doe",8,2018-08-24 04:08:00
"1034","F08",2,"2018-08-24 0:21:00","8/24/2018","0:21:00","Deer - Doe",8,2018-08-24 00:21:00
"1035","F08",3,"2018-08-24 11:26:52","8/24/2018","11:26:52","Deer - Doe",8,2018-08-24 11:26:52
"1036","E05",3,"2018-08-25 0:40:49","8/25/2018","0:40:49","Deer - Doe",8,2018-08-25 00:40:49
"1037","E09",1,"2018-08-25 9:51:34","8/25/2018","9:51:34","Deer - Doe",8,2018-08-25 09:51:34
"1038","F08",2,"2018-08-25 6:48:32","8/25/2018","6:48:32","Deer - Doe",8,2018-08-25 06:48:32
"1039","F10",3,"2018-08-25 8:15:26","8/25/2018","8:15:26","Deer - Buck",8,2018-08-25 08:15:26
"1040","F10",3,"2018-08-25 8:15:26","8/25/2018","8:15:26","Deer - Doe",8,2018-08-25 08:15:26
"1041","B02",2,"2018-08-26 20:16:00","8/26/2018","20:16:35","Deer - Buck",8,2018-08-26 20:16:00
"1042","B02",3,"2018-08-26 20:17:00","8/26/2018","20:17:10","Deer - Buck",8,2018-08-26 20:17:00
"1043","E05",3,"2018-08-26 17:12:51","8/26/2018","17:12:51","Deer - Doe",8,2018-08-26 17:12:51
"1044","E05",3,"2018-08-26 17:58:21","8/26/2018","17:58:21","Deer - Doe",8,2018-08-26 17:58:21
"1045","B02",1,"2018-08-27 8:01:00","8/27/2018","8:01:57","Deer - Doe",8,2018-08-27 08:01:00
"1046","B02",1,"2018-08-27 9:59:00","8/27/2018","9:59:32","Deer - Doe",8,2018-08-27 09:59:00
"1047","B02",2,"2018-08-27 16:50:00","8/27/2018","16:50:55","Deer - Doe",8,2018-08-27 16:50:00
"1048","C03",3,"2018-08-27 14:47:12","8/27/2018","14:47:12","Deer - Doe",8,2018-08-27 14:47:12
"1049","C09",2,"2018-08-27 20:28:37","8/27/2018","20:28:37","Deer - Doe",8,2018-08-27 20:28:37
"1050","C09",3,"2018-08-27 20:29:07","8/27/2018","20:29:07","Deer - Doe",8,2018-08-27 20:29:07
"1051","C09",4,"2018-08-27 20:28:35","8/27/2018","20:28:35","Deer - Doe",8,2018-08-27 20:28:35
"1052","E05",5,"2018-08-27 5:52:14","8/27/2018","5:52:14","Deer - Buck",8,2018-08-27 05:52:14
"1053","E05",3,"2018-08-27 0:40:09","8/27/2018","0:40:09","Deer - Doe",8,2018-08-27 00:40:09
"1054","E05",4,"2018-08-27 0:40:58","8/27/2018","0:40:58","Deer - Doe",8,2018-08-27 00:40:58
"1055","E09",1,"2018-08-27 12:40:15","8/27/2018","12:40:15","Deer - Doe",8,2018-08-27 12:40:15
"1056","B02",2,"2018-08-28 14:47:00","8/28/2018","14:47:55","Deer - Buck",8,2018-08-28 14:47:00
"1057","B02",3,"2018-08-28 14:47:00","8/28/2018","14:47:02","Deer - Buck",8,2018-08-28 14:47:00
"1058","E05",2,"2018-08-28 11:09:54","8/28/2018","11:09:54","Deer - Doe",8,2018-08-28 11:09:54
"1059","E05",2,"2018-08-28 16:24:09","8/28/2018","16:24:09","Deer - Doe",8,2018-08-28 16:24:09
"1060","F08",3,"2018-08-28 13:19:33","8/28/2018","13:19:33","Deer - Doe",8,2018-08-28 13:19:33
"1061","G11",1,"2018-08-28 9:19:25","8/28/2018","9:19:25","Deer - Doe",8,2018-08-28 09:19:25
"1062","B02",1,"2018-08-29 19:10:00","8/29/2018","19:10:12","Deer - Buck",8,2018-08-29 19:10:00
"1063","B02",3,"2018-08-29 19:10:00","8/29/2018","19:10:22","Deer - Buck",8,2018-08-29 19:10:00
"1064","C03",3,"2018-08-29 14:30:05","8/29/2018","14:30:05","Deer - Doe",8,2018-08-29 14:30:05
"1065","E05",3,"2018-08-29 4:25:02","8/29/2018","4:25:02","Deer - Doe",8,2018-08-29 04:25:02
"1066","E05",3,"2018-08-29 6:45:18","8/29/2018","6:45:18","Deer - Doe",8,2018-08-29 06:45:18
"1067","E05",4,"2018-08-29 4:24:40","8/29/2018","4:24:40","Deer - Doe",8,2018-08-29 04:24:40
"1068","E05",4,"2018-08-29 5:00:15","8/29/2018","5:00:15","Deer - Doe",8,2018-08-29 05:00:15
"1069","F08",3,"2018-08-29 13:16:44","8/29/2018","13:16:44","Deer - Doe",8,2018-08-29 13:16:44
"1070","F08",3,"2018-08-29 19:44:40","8/29/2018","19:44:40","Deer - Doe",8,2018-08-29 19:44:40
"1071","G11",1,"2018-08-29 10:23:49","8/29/2018","10:23:49","Deer - Doe",8,2018-08-29 10:23:49
"1072","B02",1,"2018-08-30 3:37:00","8/30/2018","3:37:24","Deer - Doe",8,2018-08-30 03:37:00
"1073","C03",3,"2018-08-30 10:45:09","8/30/2018","10:45:09","Deer - Doe",8,2018-08-30 10:45:09
"1074","C09",4,"2018-08-30 4:49:56","8/30/2018","4:49:56","Deer - Buck",8,2018-08-30 04:49:56
"1075","F10",3,"2018-08-30 7:33:08","8/30/2018","7:33:08","Deer - Buck",8,2018-08-30 07:33:08
"1076","F10",3,"2018-08-30 7:33:08","8/30/2018","7:33:08","Deer - Doe",8,2018-08-30 07:33:08
"1077","G11",4,"2018-08-30 2:06:02","8/30/2018","2:06:02","Deer - Buck",8,2018-08-30 02:06:02
"1078","C03",3,"2018-08-31 10:30:08","8/31/2018","10:30:08","Deer - Doe",8,2018-08-31 10:30:08
"1079","E05",5,"2018-08-31 22:30:22","8/31/2018","22:30:22","Deer - Buck",8,2018-08-31 22:30:22
"1080","E05",4,"2018-08-31 4:03:37","8/31/2018","4:03:37","Deer - Doe",8,2018-08-31 04:03:37
"1081","E05",4,"2018-08-31 4:53:01","8/31/2018","4:53:01","Deer - Doe",8,2018-08-31 04:53:01
"1082","E07",3,"2018-08-31 10:20:43","8/31/2018","10:20:43","Deer - Doe",8,2018-08-31 10:20:43
"1083","E09",1,"2018-08-31 9:23:22","8/31/2018","9:23:22","Deer - Doe",8,2018-08-31 09:23:22
"1084","E09",3,"2018-08-31 9:23:35","8/31/2018","9:23:35","Deer - Doe",8,2018-08-31 09:23:35
"1085","E09",3,"2018-08-31 11:07:09","8/31/2018","11:07:09","Deer - Doe",8,2018-08-31 11:07:09
"1086","G09",4,"2018-08-31 20:51:52","8/31/2018","20:51:52","Deer - Doe",8,2018-08-31 20:51:52
"1087","E11",3,"2018-09-01 17:13:18","9/1/2018","17:13:18","Deer - Doe",9,2018-09-01 17:13:18
"1088","F08",1,"2018-09-01 8:50:50","9/1/2018","8:50:50","Deer - Doe",9,2018-09-01 08:50:50
"1089","B02",1,"2018-09-02 17:39:00","9/2/2018","17:39:16","Deer - Doe",9,2018-09-02 17:39:00
"1090","C09",3,"2018-09-02 1:32:42","9/2/2018","1:32:42","Deer - Doe",9,2018-09-02 01:32:42
"1091","E05",2,"2018-09-02 7:24:57","9/2/2018","7:24:57","Deer - Doe",9,2018-09-02 07:24:57
"1092","E05",2,"2018-09-02 23:54:26","9/2/2018","23:54:26","Deer - Doe",9,2018-09-02 23:54:26
"1093","E05",3,"2018-09-02 5:31:26","9/2/2018","5:31:26","Deer - Doe",9,2018-09-02 05:31:26
"1094","E05",3,"2018-09-02 7:24:47","9/2/2018","7:24:47","Deer - Doe",9,2018-09-02 07:24:47
"1095","E05",3,"2018-09-02 18:45:59","9/2/2018","18:45:59","Deer - Doe",9,2018-09-02 18:45:59
"1096","E05",3,"2018-09-02 23:54:31","9/2/2018","23:54:31","Deer - Doe",9,2018-09-02 23:54:31
"1097","E05",4,"2018-09-02 5:31:34","9/2/2018","5:31:34","Deer - Doe",9,2018-09-02 05:31:34
"1098","C03",4,"2018-09-03 8:28:42","9/3/2018","8:28:42","Deer - Doe",9,2018-09-03 08:28:42
"1099","D06",3,"2018-09-03 9:16:43","9/3/2018","9:16:43","Deer - Doe",9,2018-09-03 09:16:43
"1100","E05",2,"2018-09-03 16:12:22","9/3/2018","16:12:22","Deer - Doe",9,2018-09-03 16:12:22
"1101","E05",3,"2018-09-03 1:20:33","9/3/2018","1:20:33","Deer - Doe",9,2018-09-03 01:20:33
"1102","E05",3,"2018-09-03 16:12:42","9/3/2018","16:12:42","Deer - Doe",9,2018-09-03 16:12:42
"1103","E05",3,"2018-09-03 18:18:27","9/3/2018","18:18:27","Deer - Doe",9,2018-09-03 18:18:27
"1104","E05",4,"2018-09-03 1:21:03","9/3/2018","1:21:03","Deer - Doe",9,2018-09-03 01:21:03
"1105","E11",5,"2018-09-03 22:20:16","9/3/2018","22:20:16","Deer - Buck",9,2018-09-03 22:20:16
"1106","F08",3,"2018-09-03 10:17:13","9/3/2018","10:17:13","Deer - Doe",9,2018-09-03 10:17:13
"1107","F10",3,"2018-09-03 16:37:36","9/3/2018","16:37:36","Deer - Buck",9,2018-09-03 16:37:36
"1108","F10",3,"2018-09-03 16:37:36","9/3/2018","16:37:36","Deer - Doe",9,2018-09-03 16:37:36
"1109","E05",4,"2018-09-04 17:12:03","9/4/2018","17:12:03","Deer - Doe",9,2018-09-04 17:12:03
"1110","E07",3,"2018-09-04 18:20:06","9/4/2018","18:20:06","Deer - Doe",9,2018-09-04 18:20:06
"1111","E11",4,"2018-09-04 15:46:49","9/4/2018","15:46:49","Deer - Buck",9,2018-09-04 15:46:49
"1112","E11",2,"2018-09-04 14:17:22","9/4/2018","14:17:22","Deer - Doe",9,2018-09-04 14:17:22
"1113","G09",3,"2018-09-04 21:41:08","9/4/2018","21:41:08","Deer - Doe",9,2018-09-04 21:41:08
"1114","B02",1,"2018-09-05 1:09:00","9/5/2018","1:09:34","Deer - Doe",9,2018-09-05 01:09:00
"1115","E05",2,"2018-09-05 8:45:11","9/5/2018","8:45:11","Deer - Doe",9,2018-09-05 08:45:11
"1116","E05",3,"2018-09-05 8:40:28","9/5/2018","8:40:28","Deer - Doe",9,2018-09-05 08:40:28
"1117","E05",4,"2018-09-05 8:40:01","9/5/2018","8:40:01","Deer - Doe",9,2018-09-05 08:40:01
"1118","E09",1,"2018-09-05 13:36:11","9/5/2018","13:36:11","Deer - Doe",9,2018-09-05 13:36:11
"1119","G11",2,"2018-09-05 19:01:37","9/5/2018","19:01:37","Deer - Doe",9,2018-09-05 19:01:37
"1120","C03",3,"2018-09-06 14:45:56","9/6/2018","14:45:56","Deer - Doe",9,2018-09-06 14:45:56
"1121","C03",3,"2018-09-06 23:24:39","9/6/2018","23:24:39","Deer - Doe",9,2018-09-06 23:24:39
"1122","E05",3,"2018-09-06 10:17:08","9/6/2018","10:17:08","Deer - Doe",9,2018-09-06 10:17:08
"1123","E09",1,"2018-09-06 1:04:53","9/6/2018","1:04:53","Deer - Doe",9,2018-09-06 01:04:53
"1124","F10",3,"2018-09-06 9:06:31","9/6/2018","9:06:31","Deer - Buck",9,2018-09-06 09:06:31
"1125","F10",3,"2018-09-06 9:06:31","9/6/2018","9:06:31","Deer - Doe",9,2018-09-06 09:06:31
"1126","C03",3,"2018-09-07 7:51:44","9/7/2018","7:51:44","Deer - Doe",9,2018-09-07 07:51:44
"1127","E09",3,"2018-09-07 1:45:08","9/7/2018","1:45:08","Deer - Doe",9,2018-09-07 01:45:08
"1128","B02",1,"2018-09-08 0:02:00","9/8/2018","0:02:03","Deer - Doe",9,2018-09-08 00:02:00
"1129","E05",5,"2018-09-08 0:21:00","9/8/2018","0:21:00","Deer - Buck",9,2018-09-08 00:21:00
"1130","E09",0,"2018-09-08 8:00:01","9/8/2018","8:00:01","Deer - Doe",9,2018-09-08 08:00:01
"1131","C09",3,"2018-09-09 0:31:44","9/9/2018","0:31:44","Deer - Doe",9,2018-09-09 00:31:44
"1132","F06",3,"2018-09-09 6:31:23","9/9/2018","6:31:23","Deer - Doe",9,2018-09-09 06:31:23
"1133","C03",3,"2018-09-10 0:22:36","9/10/2018","0:22:36","Deer - Doe",9,2018-09-10 00:22:36
"1134","C03",4,"2018-09-10 6:48:29","9/10/2018","6:48:29","Deer - Doe",9,2018-09-10 06:48:29
"1135","C09",3,"2018-09-10 23:58:20","9/10/2018","23:58:20","Deer - Doe",9,2018-09-10 23:58:20
"1136","C03",3,"2018-09-11 14:06:55","9/11/2018","14:06:55","Deer - Doe",9,2018-09-11 14:06:55
"1137","E05",5,"2018-09-11 12:08:26","9/11/2018","12:08:26","Deer - Buck",9,2018-09-11 12:08:26
"1138","E05",3,"2018-09-11 10:34:17","9/11/2018","10:34:17","Deer - Doe",9,2018-09-11 10:34:17
"1139","E09",0,"2018-09-11 1:22:37","9/11/2018","1:22:37","Deer - Doe",9,2018-09-11 01:22:37
"1140","G11",4,"2018-09-11 5:02:55","9/11/2018","5:02:55","Deer - Buck",9,2018-09-11 05:02:55
"1141","C03",3,"2018-09-12 13:49:05","9/12/2018","13:49:05","Deer - Doe",9,2018-09-12 13:49:05
"1142","G09",2,"2018-09-12 23:18:24","9/12/2018","23:18:24","Deer - Doe",9,2018-09-12 23:18:24
"1143","B02",3,"2018-09-14 16:33:00","9/14/2018","16:33:44","Deer - Buck",9,2018-09-14 16:33:00
"1144","E05",3,"2018-09-14 7:14:09","9/14/2018","7:14:09","Deer - Doe",9,2018-09-14 07:14:09
"1145","E05",3,"2018-09-14 17:45:31","9/14/2018","17:45:31","Deer - Doe",9,2018-09-14 17:45:31
"1146","E05",4,"2018-09-14 19:50:55","9/14/2018","19:50:55","Deer - Doe",9,2018-09-14 19:50:55
"1147","C03",3,"2018-09-15 4:15:58","9/15/2018","4:15:58","Deer - Doe",9,2018-09-15 04:15:58
"1148","C03",3,"2018-09-15 23:13:50","9/15/2018","23:13:50","Deer - Doe",9,2018-09-15 23:13:50
"1149","E05",2,"2018-09-15 10:21:02","9/15/2018","10:21:02","Deer - Doe",9,2018-09-15 10:21:02
"1150","E09",1,"2018-09-15 10:28:46","9/15/2018","10:28:46","Deer - Doe",9,2018-09-15 10:28:46
"1151","B02",2,"2018-09-16 18:28:00","9/16/2018","18:28:44","Deer - Doe",9,2018-09-16 18:28:00
"1152","C03",3,"2018-09-16 11:38:59","9/16/2018","11:38:59","Deer - Doe",9,2018-09-16 11:38:59
"1153","C03",4,"2018-09-16 9:23:54","9/16/2018","9:23:54","Deer - Doe",9,2018-09-16 09:23:54
"1154","C03",4,"2018-09-16 11:38:28","9/16/2018","11:38:28","Deer - Doe",9,2018-09-16 11:38:28
"1155","E05",2,"2018-09-16 9:36:47","9/16/2018","9:36:47","Deer - Doe",9,2018-09-16 09:36:47
"1156","G09",2,"2018-09-16 6:13:59","9/16/2018","6:13:59","Deer - Doe",9,2018-09-16 06:13:59
"1157","B02",2,"2018-09-17 20:57:00","9/17/2018","20:57:48","Deer - Buck",9,2018-09-17 20:57:00
"1158","E05",3,"2018-09-17 10:27:28","9/17/2018","10:27:28","Deer - Buck",9,2018-09-17 10:27:28
"1159","E05",3,"2018-09-17 13:28:26","9/17/2018","13:28:26","Deer - Doe",9,2018-09-17 13:28:26
"1160","E05",3,"2018-09-17 23:54:18","9/17/2018","23:54:18","Deer - Doe",9,2018-09-17 23:54:18
"1161","E05",4,"2018-09-17 13:28:36","9/17/2018","13:28:36","Deer - Doe",9,2018-09-17 13:28:36
"1162","E05",4,"2018-09-17 23:54:27","9/17/2018","23:54:27","Deer - Doe",9,2018-09-17 23:54:27
"1163","F08",3,"2018-09-17 10:31:20","9/17/2018","10:31:20","Deer - Doe",9,2018-09-17 10:31:20
"1164","E05",4,"2018-09-18 3:07:56","9/18/2018","3:07:56","Deer - Doe",9,2018-09-18 03:07:56
"1165","E05",3,"2018-09-19 7:06:44","9/19/2018","7:06:44","Deer - Buck",9,2018-09-19 07:06:44
"1166","E05",3,"2018-09-19 0:04:52","9/19/2018","0:04:52","Deer - Doe",9,2018-09-19 00:04:52
"1167","C03",4,"2018-09-20 4:39:06","9/20/2018","4:39:06","Deer - Buck",9,2018-09-20 04:39:06
"1168","C03",2,"2018-09-20 3:32:14","9/20/2018","3:32:14","Deer - Doe",9,2018-09-20 03:32:14
"1169","E05",4,"2018-09-20 0:49:59","9/20/2018","0:49:59","Deer - Doe",9,2018-09-20 00:49:59
"1170","E05",4,"2018-09-20 6:19:39","9/20/2018","6:19:39","Deer - Doe",9,2018-09-20 06:19:39
"1171","E05",4,"2018-09-20 20:45:02","9/20/2018","20:45:02","Deer - Doe",9,2018-09-20 20:45:02
"1172","F08",3,"2018-09-20 7:58:30","9/20/2018","7:58:30","Deer - Doe",9,2018-09-20 07:58:30
"1173","E05",5,"2018-09-21 19:43:58","9/21/2018","19:43:58","Deer - Buck",9,2018-09-21 19:43:58
"1174","E05",3,"2018-09-21 2:51:41","9/21/2018","2:51:41","Deer - Doe",9,2018-09-21 02:51:41
"1175","E05",4,"2018-09-21 2:52:20","9/21/2018","2:52:20","Deer - Doe",9,2018-09-21 02:52:20
"1176","E05",4,"2018-09-21 19:43:02","9/21/2018","19:43:02","Deer - Doe",9,2018-09-21 19:43:02
"1177","E05",4,"2018-09-21 23:18:51","9/21/2018","23:18:51","Deer - Doe",9,2018-09-21 23:18:51
"1178","F08",2,"2018-09-21 6:35:53","9/21/2018","6:35:53","Deer - Doe",9,2018-09-21 06:35:53
"1179","D06",2,"2018-09-22 17:44:52","9/22/2018","17:44:52","Deer - Doe",9,2018-09-22 17:44:52
"1180","E05",3,"2018-09-22 4:54:46","9/22/2018","4:54:46","Deer - Buck",9,2018-09-22 04:54:46
"1181","E05",2,"2018-09-22 9:19:31","9/22/2018","9:19:31","Deer - Doe",9,2018-09-22 09:19:31
"1182","E05",3,"2018-09-22 6:48:24","9/22/2018","6:48:24","Deer - Doe",9,2018-09-22 06:48:24
"1183","F08",2,"2018-09-22 15:00:08","9/22/2018","15:00:08","Deer - Doe",9,2018-09-22 15:00:08
"1184","F08",3,"2018-09-22 14:59:36","9/22/2018","14:59:36","Deer - Doe",9,2018-09-22 14:59:36
"1185","B02",2,"2018-09-23 4:09:00","9/23/2018","4:09:02","Deer - Doe",9,2018-09-23 04:09:00
"1186","C03",4,"2018-09-23 19:33:57","9/23/2018","19:33:57","Deer - Buck",9,2018-09-23 19:33:57
"1187","C03",2,"2018-09-23 3:09:46","9/23/2018","3:09:46","Deer - Doe",9,2018-09-23 03:09:46
"1188","D06",4,"2018-09-23 9:14:13","9/23/2018","9:14:13","Deer - Doe",9,2018-09-23 09:14:13
"1189","E05",2,"2018-09-23 18:27:42","9/23/2018","18:27:42","Deer - Doe",9,2018-09-23 18:27:42
"1190","G09",4,"2018-09-23 5:15:40","9/23/2018","5:15:40","Deer - Buck",9,2018-09-23 05:15:40
"1191","D06",3,"2018-09-24 0:45:55","9/24/2018","0:45:55","Deer - Doe",9,2018-09-24 00:45:55
"1192","E05",3,"2018-09-24 7:17:37","9/24/2018","7:17:37","Deer - Doe",9,2018-09-24 07:17:37
"1193","E09",2,"2018-09-24 21:21:19","9/24/2018","21:21:19","Deer - Doe",9,2018-09-24 21:21:19
"1194","F08",3,"2018-09-24 8:49:51","9/24/2018","8:49:51","Deer - Doe",9,2018-09-24 08:49:51
"1195","F10",4,"2018-09-24 10:43:19","9/24/2018","10:43:19","Deer - Buck",9,2018-09-24 10:43:19
"1196","F10",4,"2018-09-24 10:43:19","9/24/2018","10:43:19","Deer - Doe",9,2018-09-24 10:43:19
"1197","G11",3,"2018-09-24 11:09:30","9/24/2018","11:09:30","Deer - Doe",9,2018-09-24 11:09:30
"1198","B02",2,"2018-09-25 1:29:00","9/25/2018","1:29:04","Deer - Doe",9,2018-09-25 01:29:00
"1199","F08",1,"2018-09-25 20:39:10","9/25/2018","20:39:10","Deer - Doe",9,2018-09-25 20:39:10
"1200","C03",4,"2018-09-26 2:43:17","9/26/2018","2:43:17","Deer - Buck",9,2018-09-26 02:43:17
"1201","C09",2,"2018-09-26 2:26:26","9/26/2018","2:26:26","Deer - Doe",9,2018-09-26 02:26:26
"1202","C09",4,"2018-09-26 2:33:10","9/26/2018","2:33:10","Deer - Doe",9,2018-09-26 02:33:10
"1203","F08",4,"2018-09-26 20:35:21","9/26/2018","20:35:21","Deer - Buck",9,2018-09-26 20:35:21
"1204","F08",1,"2018-09-26 6:41:41","9/26/2018","6:41:41","Deer - Doe",9,2018-09-26 06:41:41
"1205","F08",2,"2018-09-26 6:47:51","9/26/2018","6:47:51","Deer - Doe",9,2018-09-26 06:47:51
"1206","F08",2,"2018-09-26 20:28:55","9/26/2018","20:28:55","Deer - Doe",9,2018-09-26 20:28:55
"1207","F08",3,"2018-09-26 7:36:28","9/26/2018","7:36:28","Deer - Doe",9,2018-09-26 07:36:28
