"","X","CollarSerialNumber","AnimalID","Year","Julianday","Hour","Minute","Activity","Temperature","Latitude","Longitude","HDOP","NumSats","FixTime","X2D.3D","Date","Capture_Pasture","Time","TimeStamp","index"
"3053",3053,35755,"P4",18,234,2,0,2,14,39.03456,-123.10366,1.8,5,40,3,"8/22/18","James I","2018-08-22 2:0:0",2018-08-22 02:00:00,FALSE
"3054",3054,35755,"P4",18,234,0,0,10,17,39.03461,-123.10373,1.7,5,32,3,"8/22/18","James I","2018-08-22 0:0:0",2018-08-22 00:00:00,FALSE
"3055",3055,35755,"P4",18,233,20,0,14,19,39.03763,-123.10488,2,6,40,3,"8/21/18","James I","2018-08-21 20:0:0",2018-08-21 20:00:00,FALSE
"3056",3056,35755,"P4",18,233,18,0,5,22,39.0382,-123.10393,1.5,7,38,3,"8/21/18","James I","2018-08-21 18:0:0",2018-08-21 18:00:00,FALSE
"3057",3057,35755,"P4",18,233,16,0,0,25,39.039,-123.10401,2.1,4,54,3,"8/21/18","James I","2018-08-21 16:0:0",2018-08-21 16:00:00,FALSE
"3058",3058,35755,"P4",18,233,14,0,0,26,39.03827,-123.10385,1.4,7,35,3,"8/21/18","James I","2018-08-21 14:0:0",2018-08-21 14:00:00,FALSE
"3059",3059,35755,"P4",18,233,10,0,17,14,39.04023,-123.10452,3.3,3,54,2,"8/21/18","James I","2018-08-21 10:0:0",2018-08-21 10:00:00,FALSE
"3060",3060,35755,"P4",18,233,8,0,6,13,39.03789,-123.10411,2.8,3,41,2,"8/21/18","James I","2018-08-21 8:0:0",2018-08-21 08:00:00,FALSE
"3061",3061,35755,"P4",18,233,6,0,6,14,39.03596,-123.10316,1.3,7,38,3,"8/21/18","James I","2018-08-21 6:0:0",2018-08-21 06:00:00,FALSE
"3062",3062,35755,"P4",18,233,4,0,11,12,39.03409,-123.10341,3.7,3,58,2,"8/21/18","James I","2018-08-21 4:0:0",2018-08-21 04:00:00,FALSE
"3063",3063,35755,"P4",18,233,2,0,2,14,39.03461,-123.10368,1.2,6,40,3,"8/21/18","James I","2018-08-21 2:0:0",2018-08-21 02:00:00,FALSE
"3064",3064,35755,"P4",18,233,0,0,4,16,39.03457,-123.10373,3,6,40,3,"8/21/18","James I","2018-08-21 0:0:0",2018-08-21 00:00:00,FALSE
"3065",3065,35755,"P4",18,232,22,0,2,19,39.0347,-123.10374,1.1,8,40,3,"8/20/18","James I","2018-08-20 22:0:0",2018-08-20 22:00:00,FALSE
"3066",3066,35755,"P4",18,232,20,0,9,21,39.03449,-123.1037,1.9,4,42,3,"8/20/18","James I","2018-08-20 20:0:0",2018-08-20 20:00:00,FALSE
"3067",3067,35755,"P4",18,232,18,0,5,27,39.03416,-123.10285,1.9,5,31,3,"8/20/18","James I","2018-08-20 18:0:0",2018-08-20 18:00:00,FALSE
"3068",3068,35755,"P4",18,232,14,0,17,29,39.03407,-123.10272,1.7,6,41,3,"8/20/18","James I","2018-08-20 14:0:0",2018-08-20 14:00:00,FALSE
"3069",3069,35755,"P4",18,232,12,0,18,25,39.03553,-123.10435,3,3,40,2,"8/20/18","James I","2018-08-20 12:0:0",2018-08-20 12:00:00,FALSE
"3070",3070,35755,"P4",18,232,10,0,10,21,39.03853,-123.10552,3.4,3,55,2,"8/20/18","James I","2018-08-20 10:0:0",2018-08-20 10:00:00,FALSE
"3071",3071,35755,"P4",18,232,8,0,2,17,39.03827,-123.10389,1.5,5,33,3,"8/20/18","James I","2018-08-20 8:0:0",2018-08-20 08:00:00,FALSE
"3072",3072,35755,"P4",18,232,4,0,10,19,39.03834,-123.10377,4,4,40,3,"8/20/18","James I","2018-08-20 4:0:0",2018-08-20 04:00:00,FALSE
"3073",3073,35755,"P4",18,232,2,0,6,18,39.0381,-123.10297,3.4,3,41,2,"8/20/18","James I","2018-08-20 2:0:0",2018-08-20 02:00:00,FALSE
"3074",3074,35755,"P4",18,232,0,0,4,20,39.03686,-123.10431,1.4,7,43,3,"8/20/18","James I","2018-08-20 0:0:0",2018-08-20 00:00:00,FALSE
"3075",3075,35755,"P4",18,231,22,0,10,20,39.03708,-123.10507,3.2,5,32,3,"8/19/18","James I","2018-08-19 22:0:0",2018-08-19 22:00:00,FALSE
"3076",3076,35755,"P4",18,231,18,0,10,29,39.03416,-123.10271,4,4,41,3,"8/19/18","James I","2018-08-19 18:0:0",2018-08-19 18:00:00,FALSE
"3077",3077,35755,"P4",18,231,16,0,7,31,39.03419,-123.10282,1.2,7,40,3,"8/19/18","James I","2018-08-19 16:0:0",2018-08-19 16:00:00,FALSE
"3078",3078,35755,"P4",18,231,14,0,2,30,39.03396,-123.10293,1.4,7,33,3,"8/19/18","James I","2018-08-19 14:0:0",2018-08-19 14:00:00,FALSE
"3079",3079,35755,"P4",18,231,10,0,1,25,39.03413,-123.10037,1.4,7,31,3,"8/19/18","James I","2018-08-19 10:0:0",2018-08-19 10:00:00,FALSE
"3080",3080,35755,"P4",18,231,6,0,2,19,39.03481,-123.09782,0.9,8,39,3,"8/19/18","James I","2018-08-19 6:0:0",2018-08-19 06:00:00,FALSE
"3081",3081,35755,"P4",18,231,4,0,14,18,39.03563,-123.09761,6.6,5,38,3,"8/19/18","James I","2018-08-19 4:0:0",2018-08-19 04:00:00,FALSE
"3082",3082,35755,"P4",18,231,2,0,12,19,39.03868,-123.09778,1.2,7,33,3,"8/19/18","James I","2018-08-19 2:0:0",2018-08-19 02:00:00,FALSE
"3083",3083,35755,"P4",18,230,22,0,8,20,39.03629,-123.09738,0.9,9,41,3,"8/18/18","James I","2018-08-18 22:0:0",2018-08-18 22:00:00,FALSE
"3084",3084,35755,"P4",18,230,20,0,9,23,39.03384,-123.09849,2.5,5,43,3,"8/18/18","James I","2018-08-18 20:0:0",2018-08-18 20:00:00,FALSE
"3085",3085,35755,"P4",18,230,18,0,5,29,39.03409,-123.10019,1,8,40,3,"8/18/18","James I","2018-08-18 18:0:0",2018-08-18 18:00:00,FALSE
"3086",3086,35755,"P4",18,230,16,0,0,30,39.034,-123.10105,1.5,7,39,3,"8/18/18","James I","2018-08-18 16:0:0",2018-08-18 16:00:00,FALSE
"3087",3087,35755,"P4",18,230,14,0,3,31,39.03406,-123.10095,1.9,6,43,3,"8/18/18","James I","2018-08-18 14:0:0",2018-08-18 14:00:00,FALSE
"3088",3088,35755,"P4",18,230,12,0,17,29,39.03569,-123.10167,1.3,6,34,3,"8/18/18","James I","2018-08-18 12:0:0",2018-08-18 12:00:00,FALSE
"3089",3089,35755,"P4",18,230,8,0,0,20,39.03789,-123.10298,1.4,6,32,3,"8/18/18","James I","2018-08-18 8:0:0",2018-08-18 08:00:00,FALSE
"3090",3090,35755,"P4",18,230,4,0,0,20,39.03783,-123.10284,6.9,5,41,3,"8/18/18","James I","2018-08-18 4:0:0",2018-08-18 04:00:00,FALSE
"3091",3091,35755,"P4",18,230,2,0,13,20,39.03796,-123.10286,2.3,5,39,3,"8/18/18","James I","2018-08-18 2:0:0",2018-08-18 02:00:00,FALSE
"3092",3092,35755,"P4",18,230,0,0,0,21,39.03698,-123.10265,1.3,7,39,3,"8/18/18","James I","2018-08-18 0:0:0",2018-08-18 00:00:00,FALSE
"3093",3093,35755,"P4",18,229,22,0,7,22,39.03689,-123.10259,3.1,6,40,3,"8/17/18","James I","2018-08-17 22:0:0",2018-08-17 22:00:00,FALSE
"3094",3094,35755,"P4",18,229,20,0,6,23,39.03693,-123.10227,1.7,7,39,3,"8/17/18","James I","2018-08-17 20:0:0",2018-08-17 20:00:00,FALSE
"3095",3095,35755,"P4",18,229,18,0,9,28,39.03414,-123.10027,2,7,39,3,"8/17/18","James I","2018-08-17 18:0:0",2018-08-17 18:00:00,FALSE
"3096",3096,35755,"P4",18,229,16,0,1,31,39.0311,-123.0987,7.4,3,55,2,"8/17/18","James I","2018-08-17 16:0:0",2018-08-17 16:00:00,FALSE
"3097",3097,35755,"P4",18,229,14,0,4,30,39.03374,-123.10021,1.8,6,41,3,"8/17/18","James I","2018-08-17 14:0:0",2018-08-17 14:00:00,FALSE
"3098",3098,35755,"P4",18,229,12,0,8,29,39.03422,-123.10102,2.5,3,40,2,"8/17/18","James I","2018-08-17 12:0:0",2018-08-17 12:00:00,FALSE
"3099",3099,35755,"P4",18,229,10,0,0,25,39.03401,-123.10042,1.3,5,42,3,"8/17/18","James I","2018-08-17 10:0:0",2018-08-17 10:00:00,FALSE
"3100",3100,35755,"P4",18,229,8,0,4,18,39.03394,-123.1008,1.4,5,38,3,"8/17/18","James I","2018-08-17 8:0:0",2018-08-17 08:00:00,FALSE
"3101",3101,35755,"P4",18,229,6,0,6,15,39.03426,-123.10009,4.9,3,40,2,"8/17/18","James I","2018-08-17 6:0:0",2018-08-17 06:00:00,FALSE
"3102",3102,35755,"P4",18,229,4,0,8,17,39.0343,-123.10305,1.4,6,34,3,"8/17/18","James I","2018-08-17 4:0:0",2018-08-17 04:00:00,FALSE
"3103",3103,35755,"P4",18,229,0,0,4,18,39.03476,-123.10358,1.3,8,42,3,"8/17/18","James I","2018-08-17 0:0:0",2018-08-17 00:00:00,FALSE
"3104",3104,35755,"P4",18,228,22,0,12,21,39.0362,-123.10485,0.9,9,40,3,"8/16/18","James I","2018-08-16 22:0:0",2018-08-16 22:00:00,FALSE
"3105",3105,35755,"P4",18,228,20,0,22,23,39.03625,-123.10412,4.7,4,40,3,"8/16/18","James I","2018-08-16 20:0:0",2018-08-16 20:00:00,FALSE
"3106",3106,35755,"P4",18,228,18,0,19,27,39.03759,-123.10507,4.7,4,38,3,"8/16/18","James I","2018-08-16 18:0:0",2018-08-16 18:00:00,FALSE
"3107",3107,35755,"P4",18,228,16,0,1,30,39.03796,-123.10446,2.3,7,43,3,"8/16/18","James I","2018-08-16 16:0:0",2018-08-16 16:00:00,FALSE
"3108",3108,35755,"P4",18,228,14,0,2,29,39.03801,-123.10446,2.3,5,33,3,"8/16/18","James I","2018-08-16 14:0:0",2018-08-16 14:00:00,FALSE
"3109",3109,35755,"P4",18,228,10,0,14,20,39.03976,-123.10179,5,3,41,2,"8/16/18","James I","2018-08-16 10:0:0",2018-08-16 10:00:00,FALSE
"3110",3110,35755,"P4",18,228,8,0,3,16,39.03847,-123.10364,1.7,5,40,3,"8/16/18","James I","2018-08-16 8:0:0",2018-08-16 08:00:00,FALSE
"3111",3111,35755,"P4",18,228,6,0,13,14,39.0387,-123.10393,1.2,7,40,3,"8/16/18","James I","2018-08-16 6:0:0",2018-08-16 06:00:00,FALSE
"3112",3112,35755,"P4",18,228,4,0,5,16,39.03823,-123.10359,3.7,4,44,3,"8/16/18","James I","2018-08-16 4:0:0",2018-08-16 04:00:00,FALSE
"3113",3113,35755,"P4",18,228,2,0,11,15,39.03829,-123.10339,2.4,5,39,3,"8/16/18","James I","2018-08-16 2:0:0",2018-08-16 02:00:00,FALSE
"3114",3114,35755,"P4",18,228,0,0,1,18,39.03784,-123.10317,2.4,6,39,3,"8/16/18","James I","2018-08-16 0:0:0",2018-08-16 00:00:00,FALSE
"3115",3115,35755,"P4",18,227,22,0,8,20,39.03793,-123.10308,1.3,7,40,3,"8/15/18","James I","2018-08-15 22:0:0",2018-08-15 22:00:00,FALSE
"3116",3116,35755,"P4",18,227,20,0,11,20,39.03807,-123.10317,2.5,5,39,3,"8/15/18","James I","2018-08-15 20:0:0",2018-08-15 20:00:00,FALSE
"3117",3117,35755,"P4",18,227,18,0,0,25,39.038,-123.10301,2.3,7,42,3,"8/15/18","James I","2018-08-15 18:0:0",2018-08-15 18:00:00,FALSE
"3118",3118,35755,"P4",18,227,16,0,1,28,39.03791,-123.10305,1,9,40,3,"8/15/18","James I","2018-08-15 16:0:0",2018-08-15 16:00:00,FALSE
"3119",3119,35755,"P4",18,227,14,0,13,27,39.03801,-123.1032,2.2,4,41,3,"8/15/18","James I","2018-08-15 14:0:0",2018-08-15 14:00:00,FALSE
"3120",3120,35755,"P4",18,227,12,0,0,25,39.03821,-123.10412,2.9,4,39,3,"8/15/18","James I","2018-08-15 12:0:0",2018-08-15 12:00:00,FALSE
"3121",3121,35755,"P4",18,227,10,0,6,19,39.03825,-123.10446,4.4,4,48,3,"8/15/18","James I","2018-08-15 10:0:0",2018-08-15 10:00:00,FALSE
"3122",3122,35755,"P4",18,227,6,0,21,14,39.03806,-123.10439,6.5,4,36,3,"8/15/18","James I","2018-08-15 6:0:0",2018-08-15 06:00:00,FALSE
"3123",3123,35755,"P4",18,227,2,0,8,17,39.03617,-123.1048,1.2,7,39,3,"8/15/18","James I","2018-08-15 2:0:0",2018-08-15 02:00:00,FALSE
"3124",3124,35755,"P4",18,227,0,0,2,18,39.03524,-123.10507,2.7,5,41,3,"8/15/18","James I","2018-08-15 0:0:0",2018-08-15 00:00:00,FALSE
"3125",3125,35755,"P4",18,226,22,0,5,20,39.03521,-123.10545,0.8,10,38,3,"8/14/18","James I","2018-08-14 22:0:0",2018-08-14 22:00:00,FALSE
"3126",3126,35755,"P4",18,226,20,0,9,20,39.03353,-123.10495,2.4,4,41,3,"8/14/18","James I","2018-08-14 20:0:0",2018-08-14 20:00:00,FALSE
"3127",3127,35755,"P4",18,226,18,0,10,25,39.03426,-123.10295,1.9,8,42,3,"8/14/18","James I","2018-08-14 18:0:0",2018-08-14 18:00:00,FALSE
"3128",3128,35755,"P4",18,226,16,0,3,27,39.03472,-123.1027,5.4,3,40,2,"8/14/18","James I","2018-08-14 16:0:0",2018-08-14 16:00:00,FALSE
"3129",3129,35755,"P4",18,226,14,0,2,28,39.03397,-123.10286,3,4,41,3,"8/14/18","James I","2018-08-14 14:0:0",2018-08-14 14:00:00,FALSE
"3130",3130,35755,"P4",18,226,12,0,17,26,39.03422,-123.10293,1.5,7,40,3,"8/14/18","James I","2018-08-14 12:0:0",2018-08-14 12:00:00,FALSE
"3131",3131,35755,"P4",18,226,10,0,20,19,39.03633,-123.10163,1.3,6,42,3,"8/14/18","James I","2018-08-14 10:0:0",2018-08-14 10:00:00,FALSE
"3132",3132,35755,"P4",18,226,8,0,4,21,39.04074,-123.1013,2,5,40,3,"8/14/18","James I","2018-08-14 8:0:0",2018-08-14 08:00:00,FALSE
"3133",3133,35755,"P4",18,226,6,0,20,16,39.0405,-123.10112,3.8,4,56,3,"8/14/18","James I","2018-08-14 6:0:0",2018-08-14 06:00:00,FALSE
"3134",3134,35755,"P4",18,226,4,0,10,16,39.03695,-123.10186,3.8,4,40,3,"8/14/18","James I","2018-08-14 4:0:0",2018-08-14 04:00:00,FALSE
"3135",3135,35755,"P4",18,226,2,0,14,15,39.03892,-123.1062,5.1,3,58,2,"8/14/18","James I","2018-08-14 2:0:0",2018-08-14 02:00:00,FALSE
"3136",3136,35755,"P4",18,226,0,0,3,19,39.03707,-123.10234,1.2,7,39,3,"8/14/18","James I","2018-08-14 0:0:0",2018-08-14 00:00:00,FALSE
"3137",3137,35755,"P4",18,225,22,0,2,19,39.0369,-123.10233,1,10,41,3,"8/13/18","James I","2018-08-13 22:0:0",2018-08-13 22:00:00,FALSE
"3138",3138,35755,"P4",18,225,20,0,7,22,39.03685,-123.10147,1.5,7,42,3,"8/13/18","James I","2018-08-13 20:0:0",2018-08-13 20:00:00,FALSE
"3139",3139,35755,"P4",18,225,18,1,7,27,39.03749,-123.10166,1.7,5,59,3,"8/13/18","James I","2018-08-13 18:1:0",2018-08-13 18:01:00,FALSE
"3140",3140,35755,"P4",18,225,16,0,2,29,39.03728,-123.10118,1.5,7,38,3,"8/13/18","James I","2018-08-13 16:0:0",2018-08-13 16:00:00,FALSE
"3141",3141,35755,"P4",18,225,14,0,2,30,39.03789,-123.1029,1.9,6,42,3,"8/13/18","James I","2018-08-13 14:0:0",2018-08-13 14:00:00,FALSE
"3142",3142,35755,"P4",18,225,12,0,4,26,39.038,-123.10288,2.1,5,41,3,"8/13/18","James I","2018-08-13 12:0:0",2018-08-13 12:00:00,FALSE
"3143",3143,35755,"P4",18,225,10,0,15,22,39.03744,-123.10217,1.3,6,38,3,"8/13/18","James I","2018-08-13 10:0:0",2018-08-13 10:00:00,FALSE
"3144",3144,35755,"P4",18,225,8,0,0,18,39.03595,-123.1,1.2,7,40,3,"8/13/18","James I","2018-08-13 8:0:0",2018-08-13 08:00:00,FALSE
"3145",3145,35755,"P4",18,225,6,0,13,17,39.03597,-123.10005,1.2,7,32,3,"8/13/18","James I","2018-08-13 6:0:0",2018-08-13 06:00:00,FALSE
"3146",3146,35755,"P4",18,225,2,0,7,19,39.03379,-123.09784,1,8,41,3,"8/13/18","James I","2018-08-13 2:0:0",2018-08-13 02:00:00,FALSE
"3147",3147,35755,"P4",18,225,0,0,1,21,39.03398,-123.09471,1.3,7,42,3,"8/13/18","James I","2018-08-13 0:0:0",2018-08-13 00:00:00,FALSE
"3148",3148,35755,"P4",18,224,22,0,20,20,39.03401,-123.095,1.5,7,41,3,"8/12/18","James I","2018-08-12 22:0:0",2018-08-12 22:00:00,FALSE
"3149",3149,35755,"P4",18,224,20,0,7,22,39.03717,-123.09441,1.3,8,41,3,"8/12/18","James I","2018-08-12 20:0:0",2018-08-12 20:00:00,FALSE
"3150",3150,35755,"P4",18,224,18,0,5,28,39.03633,-123.09252,4.2,4,40,3,"8/12/18","James I","2018-08-12 18:0:0",2018-08-12 18:00:00,FALSE
"3151",3151,35755,"P4",18,224,16,0,6,27,39.0366,-123.09226,2.1,5,41,3,"8/12/18","James I","2018-08-12 16:0:0",2018-08-12 16:00:00,FALSE
"3152",3152,35755,"P4",18,224,14,0,4,29,39.03639,-123.09225,1.3,6,41,3,"8/12/18","James I","2018-08-12 14:0:0",2018-08-12 14:00:00,FALSE
"3153",3153,35755,"P4",18,224,12,0,11,26,39.03606,-123.09233,1.5,7,31,3,"8/12/18","James I","2018-08-12 12:0:0",2018-08-12 12:00:00,FALSE
"3154",3154,35755,"P4",18,224,8,0,8,20,39.03383,-123.09081,2,4,41,3,"8/12/18","James I","2018-08-12 8:0:0",2018-08-12 08:00:00,FALSE
"3155",3155,35755,"P4",18,224,6,0,16,18,39.0348,-123.09004,0.9,9,40,3,"8/12/18","James I","2018-08-12 6:0:0",2018-08-12 06:00:00,FALSE
"3156",3156,35755,"P4",18,224,4,0,6,19,39.03486,-123.09092,1.8,6,41,3,"8/12/18","James I","2018-08-12 4:0:0",2018-08-12 04:00:00,FALSE
"3157",3157,35755,"P4",18,224,2,0,0,19,39.03486,-123.09081,1.8,5,43,3,"8/12/18","James I","2018-08-12 2:0:0",2018-08-12 02:00:00,FALSE
"3158",3158,35755,"P4",18,224,0,0,9,19,39.03486,-123.09082,2,6,40,3,"8/12/18","James I","2018-08-12 0:0:0",2018-08-12 00:00:00,FALSE
"3159",3159,35755,"P4",18,223,22,0,2,20,39.03749,-123.09298,1.6,8,37,3,"8/11/18","James I","2018-08-11 22:0:0",2018-08-11 22:00:00,FALSE
"3160",3160,35755,"P4",18,223,20,0,5,20,39.03626,-123.09227,2,3,41,2,"8/11/18","James I","2018-08-11 20:0:0",2018-08-11 20:00:00,FALSE
"3161",3161,35755,"P4",18,223,18,0,6,25,39.03622,-123.09311,4.7,4,44,3,"8/11/18","James I","2018-08-11 18:0:0",2018-08-11 18:00:00,FALSE
"3162",3162,35755,"P4",18,223,16,0,8,27,39.03629,-123.09298,1.8,7,39,3,"8/11/18","James I","2018-08-11 16:0:0",2018-08-11 16:00:00,FALSE
"3163",3163,35755,"P4",18,223,14,0,7,27,39.05553,-123.08336,17.7,3,55,2,"8/11/18","James I","2018-08-11 14:0:0",2018-08-11 14:00:00,FALSE
"3164",3164,35755,"P4",18,223,12,0,29,25,39.03884,-123.09221,2.4,3,47,2,"8/11/18","James I","2018-08-11 12:0:0",2018-08-11 12:00:00,FALSE
"3165",3165,35755,"P4",18,223,8,0,0,21,39.0348,-123.09086,1.2,7,40,3,"8/11/18","James I","2018-08-11 8:0:0",2018-08-11 08:00:00,FALSE
"3166",3166,35755,"P4",18,223,6,0,10,20,39.03473,-123.09086,3.2,5,38,3,"8/11/18","James I","2018-08-11 6:0:0",2018-08-11 06:00:00,FALSE
"3167",3167,35755,"P4",18,223,4,0,5,20,39.03538,-123.09195,3,4,40,3,"8/11/18","James I","2018-08-11 4:0:0",2018-08-11 04:00:00,FALSE
"3168",3168,35755,"P4",18,223,2,0,1,20,39.03603,-123.09113,1.3,6,40,3,"8/11/18","James I","2018-08-11 2:0:0",2018-08-11 02:00:00,FALSE
"3169",3169,35755,"P4",18,223,0,0,11,20,39.0325,-123.09504,4.6,3,53,2,"8/11/18","James I","2018-08-11 0:0:0",2018-08-11 00:00:00,FALSE
"3170",3170,35755,"P4",18,222,22,0,10,21,39.03604,-123.09133,1.3,8,33,3,"8/10/18","James I","2018-08-10 22:0:0",2018-08-10 22:00:00,FALSE
"3171",3171,35755,"P4",18,222,18,0,2,25,39.03982,-123.09034,2.8,5,41,3,"8/10/18","James I","2018-08-10 18:0:0",2018-08-10 18:00:00,FALSE
"3172",3172,35755,"P4",18,222,16,0,5,28,39.0399,-123.09034,2.8,4,34,3,"8/10/18","James I","2018-08-10 16:0:0",2018-08-10 16:00:00,FALSE
"3173",3173,35755,"P4",18,222,12,0,4,30,39.03453,-123.09061,3.4,3,40,2,"8/10/18","James I","2018-08-10 12:0:0",2018-08-10 12:00:00,FALSE
"3174",3174,35755,"P4",18,222,10,0,19,26,39.0361,-123.09226,1.5,6,41,3,"8/10/18","James I","2018-08-10 10:0:0",2018-08-10 10:00:00,FALSE
"3175",3175,35755,"P4",18,222,8,0,6,27,39.03754,-123.09317,1.4,7,42,3,"8/10/18","James I","2018-08-10 8:0:0",2018-08-10 08:00:00,FALSE
"3176",3176,35755,"P4",18,222,6,0,19,20,39.03723,-123.09281,1.4,7,33,3,"8/10/18","James I","2018-08-10 6:0:0",2018-08-10 06:00:00,FALSE
"3177",3177,35755,"P4",18,222,2,0,8,20,39.04042,-123.09807,2.2,5,31,3,"8/10/18","James I","2018-08-10 2:0:0",2018-08-10 02:00:00,FALSE
"3178",3178,35755,"P4",18,221,22,0,4,23,39.03709,-123.10221,1.9,5,40,3,"8/9/18","James I","2018-08-09 22:0:0",2018-08-09 22:00:00,FALSE
"3179",3179,35755,"P4",18,221,20,0,14,24,39.03703,-123.10242,3.2,5,38,3,"8/9/18","James I","2018-08-09 20:0:0",2018-08-09 20:00:00,FALSE
"3180",3180,35755,"P4",18,221,18,0,4,29,39.03783,-123.10286,2.3,7,43,3,"8/9/18","James I","2018-08-09 18:0:0",2018-08-09 18:00:00,FALSE
"3181",3181,35755,"P4",18,221,16,0,3,31,39.03797,-123.10295,1.7,6,39,3,"8/9/18","James I","2018-08-09 16:0:0",2018-08-09 16:00:00,FALSE
"3182",3182,35755,"P4",18,221,14,0,5,30,39.03805,-123.1024,4.7,5,57,3,"8/9/18","James I","2018-08-09 14:0:0",2018-08-09 14:00:00,FALSE
"3183",3183,35755,"P4",18,221,12,0,7,26,39.03823,-123.10298,1.4,5,40,3,"8/9/18","James I","2018-08-09 12:0:0",2018-08-09 12:00:00,FALSE
"3184",3184,35755,"P4",18,221,10,0,3,24,39.03793,-123.1029,1.5,6,42,3,"8/9/18","James I","2018-08-09 10:0:0",2018-08-09 10:00:00,FALSE
"3185",3185,35755,"P4",18,221,8,0,4,23,39.03705,-123.10282,1.4,7,39,3,"8/9/18","James I","2018-08-09 8:0:0",2018-08-09 08:00:00,FALSE
"3186",3186,35755,"P4",18,221,6,0,14,19,39.03693,-123.10276,1.2,8,41,3,"8/9/18","James I","2018-08-09 6:0:0",2018-08-09 06:00:00,FALSE
"3187",3187,35755,"P4",18,221,4,0,7,20,39.03517,-123.1014,1.9,5,38,3,"8/9/18","James I","2018-08-09 4:0:0",2018-08-09 04:00:00,FALSE
"3188",3188,35755,"P4",18,221,2,0,13,20,39.03526,-123.10137,3.6,4,38,3,"8/9/18","James I","2018-08-09 2:0:0",2018-08-09 02:00:00,FALSE
"3189",3189,35755,"P4",18,221,0,0,0,22,39.0339,-123.1019,1.4,6,41,3,"8/9/18","James I","2018-08-09 0:0:0",2018-08-09 00:00:00,FALSE
"3190",3190,35755,"P4",18,220,22,0,8,22,39.0339,-123.10192,1,9,40,3,"8/8/18","James I","2018-08-08 22:0:0",2018-08-08 22:00:00,FALSE
"3191",3191,35755,"P4",18,220,20,0,8,25,39.03419,-123.10282,1.5,8,41,3,"8/8/18","James I","2018-08-08 20:0:0",2018-08-08 20:00:00,FALSE
"3192",3192,35755,"P4",18,220,18,0,16,29,39.03524,-123.10339,3.3,4,42,3,"8/8/18","James I","2018-08-08 18:0:0",2018-08-08 18:00:00,FALSE
"3193",3193,35755,"P4",18,220,16,0,2,31,39.03432,-123.09973,2.8,5,41,3,"8/8/18","James I","2018-08-08 16:0:0",2018-08-08 16:00:00,FALSE
"3194",3194,35755,"P4",18,220,14,0,4,30,39.03431,-123.09961,2.2,4,40,3,"8/8/18","James I","2018-08-08 14:0:0",2018-08-08 14:00:00,FALSE
"3195",3195,35755,"P4",18,220,12,0,3,27,39.03376,-123.10019,2,5,43,3,"8/8/18","James I","2018-08-08 12:0:0",2018-08-08 12:00:00,FALSE
"3196",3196,35755,"P4",18,220,10,0,8,23,39.0338,-123.10011,2.2,5,40,3,"8/8/18","James I","2018-08-08 10:0:0",2018-08-08 10:00:00,FALSE
"3197",3197,35755,"P4",18,220,8,0,10,21,39.03525,-123.10129,1.4,8,38,3,"8/8/18","James I","2018-08-08 8:0:0",2018-08-08 08:00:00,FALSE
"3198",3198,35755,"P4",18,220,6,0,15,18,39.03411,-123.10034,2.4,4,58,3,"8/8/18","James I","2018-08-08 6:0:0",2018-08-08 06:00:00,FALSE
"3199",3199,35755,"P4",18,220,4,0,5,20,39.03377,-123.10221,2,6,38,3,"8/8/18","James I","2018-08-08 4:0:0",2018-08-08 04:00:00,FALSE
"3200",3200,35755,"P4",18,220,2,0,6,20,39.03557,-123.10101,2.8,4,50,3,"8/8/18","James I","2018-08-08 2:0:0",2018-08-08 02:00:00,FALSE
"3201",3201,35755,"P4",18,220,0,0,2,21,39.03423,-123.10286,1.1,7,41,3,"8/8/18","James I","2018-08-08 0:0:0",2018-08-08 00:00:00,FALSE
"3202",3202,35755,"P4",18,219,22,0,1,21,39.03422,-123.10278,1.2,9,38,3,"8/7/18","James I","2018-08-07 22:0:0",2018-08-07 22:00:00,FALSE
"3203",3203,35755,"P4",18,219,20,0,14,21,39.03414,-123.1056,4.4,3,54,2,"8/7/18","James I","2018-08-07 20:0:0",2018-08-07 20:00:00,FALSE
"3204",3204,35755,"P4",18,219,18,0,8,25,39.03569,-123.10377,1.6,5,42,3,"8/7/18","James I","2018-08-07 18:0:0",2018-08-07 18:00:00,FALSE
"3205",3205,35755,"P4",18,219,16,0,2,29,39.03416,-123.10285,1.6,7,42,3,"8/7/18","James I","2018-08-07 16:0:0",2018-08-07 16:00:00,FALSE
"3206",3206,35755,"P4",18,219,14,0,0,29,39.03426,-123.10292,2.1,5,38,3,"8/7/18","James I","2018-08-07 14:0:0",2018-08-07 14:00:00,FALSE
"3207",3207,35755,"P4",18,219,12,0,10,26,39.03419,-123.10256,1.9,4,39,3,"8/7/18","James I","2018-08-07 12:0:0",2018-08-07 12:00:00,FALSE
"3208",3208,35755,"P4",18,219,10,0,13,23,39.03594,-123.10305,1.6,5,41,3,"8/7/18","James I","2018-08-07 10:0:0",2018-08-07 10:00:00,FALSE
"3209",3209,35755,"P4",18,219,8,0,4,20,39.03803,-123.10317,2,4,43,3,"8/7/18","James I","2018-08-07 8:0:0",2018-08-07 08:00:00,FALSE
"3210",3210,35755,"P4",18,219,6,0,13,20,39.03781,-123.10298,1.8,5,39,3,"8/7/18","James I","2018-08-07 6:0:0",2018-08-07 06:00:00,FALSE
"3211",3211,35755,"P4",18,219,4,0,21,18,39.03786,-123.10527,4.3,3,33,2,"8/7/18","James I","2018-08-07 4:0:0",2018-08-07 04:00:00,FALSE
"3212",3212,35755,"P4",18,219,0,0,4,21,39.03379,-123.10053,1,8,41,3,"8/7/18","James I","2018-08-07 0:0:0",2018-08-07 00:00:00,FALSE
"3213",3213,35755,"P4",18,218,22,0,3,23,39.03279,-123.09914,8,5,39,3,"8/6/18","James I","2018-08-06 22:0:0",2018-08-06 22:00:00,FALSE
"3214",3214,35755,"P4",18,218,20,0,4,23,39.03392,-123.10027,2.6,6,38,3,"8/6/18","James I","2018-08-06 20:0:0",2018-08-06 20:00:00,FALSE
"3215",3215,35755,"P4",18,218,18,0,8,27,39.03413,-123.10042,1.1,8,41,3,"8/6/18","James I","2018-08-06 18:0:0",2018-08-06 18:00:00,FALSE
"3216",3216,35755,"P4",18,218,16,0,11,29,39.03429,-123.10026,10.9,4,46,3,"8/6/18","James I","2018-08-06 16:0:0",2018-08-06 16:00:00,FALSE
"3217",3217,35755,"P4",18,218,14,0,2,30,39.03656,-123.10105,1.7,6,39,3,"8/6/18","James I","2018-08-06 14:0:0",2018-08-06 14:00:00,FALSE
"3218",3218,35755,"P4",18,218,12,0,1,28,39.03668,-123.10126,2.5,5,32,3,"8/6/18","James I","2018-08-06 12:0:0",2018-08-06 12:00:00,FALSE
"3219",3219,35755,"P4",18,218,8,0,15,20,39.04025,-123.10404,4.2,3,52,2,"8/6/18","James I","2018-08-06 8:0:0",2018-08-06 08:00:00,FALSE
"3220",3220,35755,"P4",18,218,6,0,18,18,39.04089,-123.10166,4.2,4,42,2,"8/6/18","James I","2018-08-06 6:0:0",2018-08-06 06:00:00,FALSE
"3221",3221,35755,"P4",18,218,4,0,7,18,39.03775,-123.1021,4.1,3,50,2,"8/6/18","James I","2018-08-06 4:0:0",2018-08-06 04:00:00,FALSE
"3222",3222,35755,"P4",18,218,2,0,10,18,39.03569,-123.09784,4.1,3,41,3,"8/6/18","James I","2018-08-06 2:0:0",2018-08-06 02:00:00,FALSE
"3223",3223,35755,"P4",18,218,0,0,3,20,39.03257,-123.0976,1.6,6,41,3,"8/6/18","James I","2018-08-06 0:0:0",2018-08-06 00:00:00,FALSE
"3224",3224,35755,"P4",18,217,22,0,22,19,39.03258,-123.09773,3,4,36,3,"8/5/18","James I","2018-08-05 22:0:0",2018-08-05 22:00:00,FALSE
"3225",3225,35755,"P4",18,217,20,0,8,20,39.03501,-123.09281,2.7,5,43,3,"8/5/18","James I","2018-08-05 20:0:0",2018-08-05 20:00:00,FALSE
"3226",3226,35755,"P4",18,217,18,0,1,25,39.03487,-123.09088,1.9,7,43,3,"8/5/18","James I","2018-08-05 18:0:0",2018-08-05 18:00:00,FALSE
"3227",3227,35755,"P4",18,217,16,0,3,28,39.0348,-123.09114,1.5,7,39,3,"8/5/18","James I","2018-08-05 16:0:0",2018-08-05 16:00:00,FALSE
"3228",3228,35755,"P4",18,217,14,0,3,26,39.03485,-123.0908,1,7,37,3,"8/5/18","James I","2018-08-05 14:0:0",2018-08-05 14:00:00,FALSE
"3229",3229,35755,"P4",18,217,12,0,2,25,39.03466,-123.09072,2.5,4,41,3,"8/5/18","James I","2018-08-05 12:0:0",2018-08-05 12:00:00,FALSE
"3230",3230,35755,"P4",18,217,10,0,4,23,39.03462,-123.09081,2.6,5,41,3,"8/5/18","James I","2018-08-05 10:0:0",2018-08-05 10:00:00,FALSE
"3231",3231,35755,"P4",18,217,8,0,3,21,39.03484,-123.09081,2.3,5,38,3,"8/5/18","James I","2018-08-05 8:0:0",2018-08-05 08:00:00,FALSE
"3232",3232,35755,"P4",18,217,6,1,9,16,39.03461,-123.09039,1.9,5,59,3,"8/5/18","James I","2018-08-05 6:1:0",2018-08-05 06:01:00,FALSE
"3233",3233,35755,"P4",18,217,4,0,10,18,39.03627,-123.09114,2.6,5,41,3,"8/5/18","James I","2018-08-05 4:0:0",2018-08-05 04:00:00,FALSE
"3234",3234,35755,"P4",18,217,2,0,4,17,39.03859,-123.09458,5.9,4,38,3,"8/5/18","James I","2018-08-05 2:0:0",2018-08-05 02:00:00,FALSE
"3235",3235,35755,"P4",18,217,0,0,5,16,39.03934,-123.0937,1.3,5,43,3,"8/5/18","James I","2018-08-05 0:0:0",2018-08-05 00:00:00,FALSE
"3236",3236,35755,"P4",18,216,22,0,0,21,39.03716,-123.09272,1.4,7,40,3,"8/4/18","James I","2018-08-04 22:0:0",2018-08-04 22:00:00,FALSE
"3237",3237,35755,"P4",18,216,20,0,12,19,39.03709,-123.09279,2.7,6,39,3,"8/4/18","James I","2018-08-04 20:0:0",2018-08-04 20:00:00,FALSE
"3238",3238,35755,"P4",18,216,18,0,11,23,39.03697,-123.09339,2,5,41,3,"8/4/18","James I","2018-08-04 18:0:0",2018-08-04 18:00:00,FALSE
"3239",3239,35755,"P4",18,216,16,0,0,26,39.0372,-123.0933,1.8,7,39,3,"8/4/18","James I","2018-08-04 16:0:0",2018-08-04 16:00:00,FALSE
"3240",3240,35755,"P4",18,216,14,0,9,24,39.03726,-123.09296,5,4,41,3,"8/4/18","James I","2018-08-04 14:0:0",2018-08-04 14:00:00,FALSE
"3241",3241,35755,"P4",18,216,12,0,1,25,39.03603,-123.09233,1.8,4,42,3,"8/4/18","James I","2018-08-04 12:0:0",2018-08-04 12:00:00,FALSE
"3242",3242,35755,"P4",18,216,10,0,12,24,39.03615,-123.09241,1.4,7,42,3,"8/4/18","James I","2018-08-04 10:0:0",2018-08-04 10:00:00,FALSE
"3243",3243,35755,"P4",18,216,8,0,9,22,39.03704,-123.09272,2.7,4,41,3,"8/4/18","James I","2018-08-04 8:0:0",2018-08-04 08:00:00,FALSE
"3244",3244,35755,"P4",18,216,6,0,9,18,39.03663,-123.09226,1,8,40,3,"8/4/18","James I","2018-08-04 6:0:0",2018-08-04 06:00:00,FALSE
"3245",3245,35755,"P4",18,216,4,0,5,19,39.03546,-123.09134,3.7,3,56,2,"8/4/18","James I","2018-08-04 4:0:0",2018-08-04 04:00:00,FALSE
"3246",3246,35755,"P4",18,216,2,0,0,21,39.03502,-123.09094,1.3,7,39,3,"8/4/18","James I","2018-08-04 2:0:0",2018-08-04 02:00:00,FALSE
"3247",3247,35755,"P4",18,216,0,0,5,20,39.03456,-123.0902,2.1,4,52,3,"8/4/18","James I","2018-08-04 0:0:0",2018-08-04 00:00:00,FALSE
"3248",3248,35755,"P4",18,215,22,0,14,20,39.03484,-123.09085,1.5,8,42,3,"8/3/18","James I","2018-08-03 22:0:0",2018-08-03 22:00:00,FALSE
"3249",3249,35755,"P4",18,215,20,1,7,21,39.03487,-123.0916,2,6,56,3,"8/3/18","James I","2018-08-03 20:1:0",2018-08-03 20:01:00,FALSE
"3250",3250,35755,"P4",18,215,16,1,1,25,39.04025,-123.09146,2.1,5,48,3,"8/3/18","James I","2018-08-03 16:1:0",2018-08-03 16:01:00,FALSE
"3251",3251,35755,"P4",18,215,10,0,2,25,39.04026,-123.09146,3.7,4,41,3,"8/3/18","James I","2018-08-03 10:0:0",2018-08-03 10:00:00,FALSE
"3252",3252,35755,"P4",18,215,8,0,9,20,39.03903,-123.09188,1.8,7,57,3,"8/3/18","James I","2018-08-03 8:0:0",2018-08-03 08:00:00,FALSE
"3253",3253,35755,"P4",18,215,6,0,8,17,39.03441,-123.09095,1.2,8,40,3,"8/3/18","James I","2018-08-03 6:0:0",2018-08-03 06:00:00,FALSE
"3254",3254,35755,"P4",18,215,4,0,5,17,39.03622,-123.09052,1.4,6,38,3,"8/3/18","James I","2018-08-03 4:0:0",2018-08-03 04:00:00,FALSE
"3255",3255,35755,"P4",18,215,2,0,4,18,39.03614,-123.09119,4.7,5,43,3,"8/3/18","James I","2018-08-03 2:0:0",2018-08-03 02:00:00,FALSE
"3256",3256,35755,"P4",18,215,0,0,2,19,39.03658,-123.09147,2.3,4,39,3,"8/3/18","James I","2018-08-03 0:0:0",2018-08-03 00:00:00,FALSE
"3257",3257,35755,"P4",18,214,22,0,3,20,39.03597,-123.09252,1.6,6,31,3,"8/2/18","James I","2018-08-02 22:0:0",2018-08-02 22:00:00,FALSE
"3258",3258,35755,"P4",18,214,18,0,5,25,39.03653,-123.09065,1.4,7,32,3,"8/2/18","James I","2018-08-02 18:0:0",2018-08-02 18:00:00,FALSE
"3259",3259,35755,"P4",18,214,14,0,13,27,39.0367,-123.09067,3.9,4,40,3,"8/2/18","James I","2018-08-02 14:0:0",2018-08-02 14:00:00,FALSE
"3260",3260,35755,"P4",18,214,12,0,2,26,39.0338,-123.08718,3.7,3,58,2,"8/2/18","James I","2018-08-02 12:0:0",2018-08-02 12:00:00,FALSE
"3261",3261,35755,"P4",18,214,10,0,4,24,39.03463,-123.09091,0.9,8,32,3,"8/2/18","James I","2018-08-02 10:0:0",2018-08-02 10:00:00,FALSE
"3262",3262,35755,"P4",18,214,6,0,13,18,39.03587,-123.09069,2,4,58,3,"8/2/18","James I","2018-08-02 6:0:0",2018-08-02 06:00:00,FALSE
"3263",3263,35755,"P4",18,214,4,0,13,20,39.03732,-123.09216,1.2,7,40,3,"8/2/18","James I","2018-08-02 4:0:0",2018-08-02 04:00:00,FALSE
"3264",3264,35755,"P4",18,214,2,0,1,20,39.04269,-123.09011,5,4,41,3,"8/2/18","James I","2018-08-02 2:0:0",2018-08-02 02:00:00,FALSE
"3265",3265,35755,"P4",18,214,0,0,15,20,39.03738,-123.0929,1.1,8,39,3,"8/2/18","James I","2018-08-02 0:0:0",2018-08-02 00:00:00,FALSE
"3266",3266,35755,"P4",18,213,22,0,9,20,39.03744,-123.09233,1.3,8,41,3,"8/1/18","James I","2018-08-01 22:0:0",2018-08-01 22:00:00,FALSE
"3267",3267,35755,"P4",18,213,20,0,5,23,39.03731,-123.09278,1.7,8,39,3,"8/1/18","James I","2018-08-01 20:0:0",2018-08-01 20:00:00,FALSE
"3268",3268,35755,"P4",18,213,18,0,6,27,39.03717,-123.09288,2.3,4,38,3,"8/1/18","James I","2018-08-01 18:0:0",2018-08-01 18:00:00,FALSE
"3269",3269,35755,"P4",18,213,16,0,7,28,39.03707,-123.0926,2.4,4,36,3,"8/1/18","James I","2018-08-01 16:0:0",2018-08-01 16:00:00,FALSE
"3270",3270,35755,"P4",18,213,12,0,1,28,39.0371,-123.09264,1.5,6,48,3,"8/1/18","James I","2018-08-01 12:0:0",2018-08-01 12:00:00,FALSE
"3271",3271,35755,"P4",18,213,10,0,5,25,39.03704,-123.09252,9.6,4,43,3,"8/1/18","James I","2018-08-01 10:0:0",2018-08-01 10:00:00,FALSE
"3272",3272,35755,"P4",18,213,8,0,0,23,39.03739,-123.09292,1.8,7,38,3,"8/1/18","James I","2018-08-01 8:0:0",2018-08-01 08:00:00,FALSE
"3273",3273,35755,"P4",18,213,6,0,10,19,39.0374,-123.09287,1.6,6,40,3,"8/1/18","James I","2018-08-01 6:0:0",2018-08-01 06:00:00,FALSE
"3274",3274,35755,"P4",18,213,4,0,0,20,39.03713,-123.09278,1.5,6,34,3,"8/1/18","James I","2018-08-01 4:0:0",2018-08-01 04:00:00,FALSE
"3275",3275,35755,"P4",18,213,0,0,11,20,39.03728,-123.09281,3.3,6,39,3,"8/1/18","James I","2018-08-01 0:0:0",2018-08-01 00:00:00,FALSE
"3276",3276,35755,"P4",18,212,22,0,6,23,39.03682,-123.09273,3.5,4,32,3,"7/31/18","James I","2018-07-31 22:0:0",2018-07-31 22:00:00,FALSE
"3277",3277,35755,"P4",18,212,18,0,9,29,39.03714,-123.09275,1.5,6,41,3,"7/31/18","James I","2018-07-31 18:0:0",2018-07-31 18:00:00,FALSE
"3278",3278,35755,"P4",18,212,16,0,9,29,39.0371,-123.09268,1.1,7,39,3,"7/31/18","James I","2018-07-31 16:0:0",2018-07-31 16:00:00,FALSE
"3279",3279,35755,"P4",18,212,14,0,12,30,39.0401,-123.08855,5.4,3,56,2,"7/31/18","James I","2018-07-31 14:0:0",2018-07-31 14:00:00,FALSE
"3280",3280,35755,"P4",18,212,12,0,0,28,39.03792,-123.09626,1.7,6,39,3,"7/31/18","James I","2018-07-31 12:0:0",2018-07-31 12:00:00,FALSE
"3281",3281,35755,"P4",18,212,10,0,5,23,39.03792,-123.09626,2.2,5,38,3,"7/31/18","James I","2018-07-31 10:0:0",2018-07-31 10:00:00,FALSE
"3282",3282,35755,"P4",18,212,8,0,1,27,39.03905,-123.096,1.1,8,40,3,"7/31/18","James I","2018-07-31 8:0:0",2018-07-31 08:00:00,FALSE
"3283",3283,35755,"P4",18,212,6,0,0,18,39.039,-123.09595,1,8,40,3,"7/31/18","James I","2018-07-31 6:0:0",2018-07-31 06:00:00,FALSE
"3284",3284,35755,"P4",18,212,4,0,9,19,39.03905,-123.09597,1,8,41,3,"7/31/18","James I","2018-07-31 4:0:0",2018-07-31 04:00:00,FALSE
"3285",3285,35755,"P4",18,212,2,0,9,21,39.03693,-123.09362,4.8,4,54,3,"7/31/18","James I","2018-07-31 2:0:0",2018-07-31 02:00:00,FALSE
"3286",3286,35755,"P4",18,212,0,0,4,23,39.037,-123.09288,1.9,6,40,3,"7/31/18","James I","2018-07-31 0:0:0",2018-07-31 00:00:00,FALSE
"3287",3287,35755,"P4",18,211,22,0,7,23,39.03706,-123.09255,1.3,8,42,3,"7/30/18","James I","2018-07-30 22:0:0",2018-07-30 22:00:00,FALSE
"3288",3288,35755,"P4",18,211,20,0,4,24,39.03726,-123.09265,5.4,5,40,3,"7/30/18","James I","2018-07-30 20:0:0",2018-07-30 20:00:00,FALSE
"3289",3289,35755,"P4",18,211,18,0,8,27,39.03713,-123.09281,2.3,5,38,3,"7/30/18","James I","2018-07-30 18:0:0",2018-07-30 18:00:00,FALSE
"3290",3290,35755,"P4",18,211,16,0,3,29,39.03703,-123.09287,1.6,5,41,3,"7/30/18","James I","2018-07-30 16:0:0",2018-07-30 16:00:00,FALSE
"3291",3291,35755,"P4",18,211,14,0,5,29,39.03646,-123.09328,1.3,5,44,3,"7/30/18","James I","2018-07-30 14:0:0",2018-07-30 14:00:00,FALSE
"3292",3292,35755,"P4",18,211,12,0,2,31,39.03646,-123.09458,5.6,4,51,3,"7/30/18","James I","2018-07-30 12:0:0",2018-07-30 12:00:00,FALSE
"3293",3293,35755,"P4",18,211,10,0,6,25,39.03685,-123.09493,2,5,40,3,"7/30/18","James I","2018-07-30 10:0:0",2018-07-30 10:00:00,FALSE
"3294",3294,35755,"P4",18,211,8,0,0,23,39.03728,-123.09554,1.9,7,41,3,"7/30/18","James I","2018-07-30 8:0:0",2018-07-30 08:00:00,FALSE
"3295",3295,35755,"P4",18,211,6,0,1,21,39.03727,-123.09559,1.2,7,40,3,"7/30/18","James I","2018-07-30 6:0:0",2018-07-30 06:00:00,FALSE
"3296",3296,35755,"P4",18,211,4,0,12,20,39.03744,-123.09512,1.6,6,38,3,"7/30/18","James I","2018-07-30 4:0:0",2018-07-30 04:00:00,FALSE
"3297",3297,35755,"P4",18,211,2,0,10,21,39.0369,-123.0926,1.6,6,40,3,"7/30/18","James I","2018-07-30 2:0:0",2018-07-30 02:00:00,FALSE
"3298",3298,35755,"P4",18,211,0,0,3,22,39.03693,-123.09259,1.2,7,42,3,"7/30/18","James I","2018-07-30 0:0:0",2018-07-30 00:00:00,FALSE
"3299",3299,35755,"P4",18,210,22,0,6,22,39.03704,-123.09249,1.5,7,39,3,"7/29/18","James I","2018-07-29 22:0:0",2018-07-29 22:00:00,FALSE
"3300",3300,35755,"P4",18,210,20,0,9,24,39.03656,-123.09313,3.3,4,46,3,"7/29/18","James I","2018-07-29 20:0:0",2018-07-29 20:00:00,FALSE
"3301",3301,35755,"P4",18,210,18,0,4,25,39.03859,-123.09465,1.5,5,38,3,"7/29/18","James I","2018-07-29 18:0:0",2018-07-29 18:00:00,FALSE
"3302",3302,35755,"P4",18,210,16,1,4,28,39.04067,-123.09382,1.5,6,49,3,"7/29/18","James I","2018-07-29 16:1:0",2018-07-29 16:01:00,FALSE
"3303",3303,35755,"P4",18,210,10,0,1,28,39.04105,-123.09413,2.5,5,44,3,"7/29/18","James I","2018-07-29 10:0:0",2018-07-29 10:00:00,FALSE
"3304",3304,35755,"P4",18,210,8,0,6,25,39.04102,-123.09441,1,9,42,3,"7/29/18","James I","2018-07-29 8:0:0",2018-07-29 08:00:00,FALSE
"3305",3305,35755,"P4",18,210,6,0,0,19,39.03907,-123.096,0.9,10,42,3,"7/29/18","James I","2018-07-29 6:0:0",2018-07-29 06:00:00,FALSE
"3306",3306,35755,"P4",18,210,4,0,0,20,39.03907,-123.09597,1.2,7,40,3,"7/29/18","James I","2018-07-29 4:0:0",2018-07-29 04:00:00,FALSE
"3307",3307,35755,"P4",18,210,2,0,7,20,39.03908,-123.09597,3,5,57,3,"7/29/18","James I","2018-07-29 2:0:0",2018-07-29 02:00:00,FALSE
"3308",3308,35755,"P4",18,210,0,0,1,23,39.03866,-123.09451,1.7,6,41,3,"7/29/18","James I","2018-07-29 0:0:0",2018-07-29 00:00:00,FALSE
"3309",3309,35755,"P4",18,209,22,0,6,23,39.03792,-123.09552,2.3,6,40,3,"7/28/18","James I","2018-07-28 22:0:0",2018-07-28 22:00:00,FALSE
"3310",3310,35755,"P4",18,209,20,0,6,24,39.03868,-123.09479,2.1,6,39,3,"7/28/18","James I","2018-07-28 20:0:0",2018-07-28 20:00:00,FALSE
"3311",3311,35755,"P4",18,209,18,0,3,28,39.04333,-123.0978,2.9,5,33,3,"7/28/18","James I","2018-07-28 18:0:0",2018-07-28 18:00:00,FALSE
"3312",3312,35755,"P4",18,209,14,0,3,32,39.04295,-123.09815,1.1,7,41,3,"7/28/18","James I","2018-07-28 14:0:0",2018-07-28 14:00:00,FALSE
"3313",3313,35755,"P4",18,209,12,0,6,28,39.04291,-123.09741,2.5,5,41,3,"7/28/18","James I","2018-07-28 12:0:0",2018-07-28 12:00:00,FALSE
"3314",3314,35755,"P4",18,209,10,0,4,30,39.04252,-123.09735,3.7,4,34,3,"7/28/18","James I","2018-07-28 10:0:0",2018-07-28 10:00:00,FALSE
"3315",3315,35755,"P4",18,209,6,0,14,20,39.0424,-123.09912,1.8,5,32,3,"7/28/18","James I","2018-07-28 6:0:0",2018-07-28 06:00:00,FALSE
"917",917,35749,"H3",18,226,2,0,15,21,39.02007,-123.08588,4.6,4,41,3,"8/14/18","James III","2018-08-14 2:0:0",2018-08-14 02:00:00,FALSE
"918",918,35749,"H3",18,226,0,0,13,26,39.01902,-123.08489,1.3,7,40,3,"8/14/18","James III","2018-08-14 0:0:0",2018-08-14 00:00:00,FALSE
"919",919,35749,"H3",18,225,22,0,14,23,39.02062,-123.08216,7.3,3,41,2,"8/13/18","James III","2018-08-13 22:0:0",2018-08-13 22:00:00,FALSE
"920",920,35749,"H3",18,225,20,0,1,32,39.02107,-123.08285,1.8,7,39,3,"8/13/18","James III","2018-08-13 20:0:0",2018-08-13 20:00:00,FALSE
"921",921,35749,"H3",18,225,18,0,8,33,39.0212,-123.08249,2.5,6,42,3,"8/13/18","James III","2018-08-13 18:0:0",2018-08-13 18:00:00,FALSE
"922",922,35749,"H3",18,225,16,0,14,37,39.0196,-123.08261,1.4,6,39,3,"8/13/18","James III","2018-08-13 16:0:0",2018-08-13 16:00:00,FALSE
"923",923,35749,"H3",18,225,14,0,19,37,39.01674,-123.07959,25.5,4,33,3,"8/13/18","James III","2018-08-13 14:0:0",2018-08-13 14:00:00,FALSE
"924",924,35749,"H3",18,225,10,0,12,31,39.01953,-123.08317,1.2,5,31,3,"8/13/18","James III","2018-08-13 10:0:0",2018-08-13 10:00:00,FALSE
"925",925,35749,"H3",18,225,6,0,8,27,39.02102,-123.07884,3.4,3,40,2,"8/13/18","James III","2018-08-13 6:0:0",2018-08-13 06:00:00,FALSE
"926",926,35749,"H3",18,225,4,0,0,25,39.02363,-123.08386,6.7,3,40,2,"8/13/18","James III","2018-08-13 4:0:0",2018-08-13 04:00:00,FALSE
"927",927,35749,"H3",18,225,2,0,8,25,39.02169,-123.08272,1.7,6,38,3,"8/13/18","James III","2018-08-13 2:0:0",2018-08-13 02:00:00,FALSE
"928",928,35749,"H3",18,225,0,0,9,29,39.02138,-123.08281,1.3,8,40,3,"8/13/18","James III","2018-08-13 0:0:0",2018-08-13 00:00:00,FALSE
"929",929,35749,"H3",18,224,22,0,12,31,39.02107,-123.08234,1.4,6,39,3,"8/12/18","James III","2018-08-12 22:0:0",2018-08-12 22:00:00,FALSE
"930",930,35749,"H3",18,224,20,0,0,33,39.02115,-123.08234,1.5,7,40,3,"8/12/18","James III","2018-08-12 20:0:0",2018-08-12 20:00:00,FALSE
"931",931,35749,"H3",18,224,18,0,23,35,39.02099,-123.08241,1.3,5,42,3,"8/12/18","James III","2018-08-12 18:0:0",2018-08-12 18:00:00,FALSE
"932",932,35749,"H3",18,224,16,0,0,37,39.02402,-123.08909,0.9,9,39,3,"8/12/18","James III","2018-08-12 16:0:0",2018-08-12 16:00:00,FALSE
"933",933,35749,"H3",18,224,14,0,5,38,39.02418,-123.08931,2.9,5,42,3,"8/12/18","James III","2018-08-12 14:0:0",2018-08-12 14:00:00,FALSE
"934",934,35749,"H3",18,224,12,0,9,35,39.02463,-123.08905,1.1,7,40,3,"8/12/18","James III","2018-08-12 12:0:0",2018-08-12 12:00:00,FALSE
"935",935,35749,"H3",18,224,10,0,7,32,39.02505,-123.08872,1.2,6,39,3,"8/12/18","James III","2018-08-12 10:0:0",2018-08-12 10:00:00,FALSE
"936",936,35749,"H3",18,224,8,0,3,32,39.02499,-123.08764,1.5,6,41,3,"8/12/18","James III","2018-08-12 8:0:0",2018-08-12 08:00:00,FALSE
"937",937,35749,"H3",18,224,6,0,12,25,39.02636,-123.08642,0.8,11,35,3,"8/12/18","James III","2018-08-12 6:0:0",2018-08-12 06:00:00,FALSE
"938",938,35749,"H3",18,224,4,0,10,23,39.02194,-123.08518,5.4,5,39,3,"8/12/18","James III","2018-08-12 4:0:0",2018-08-12 04:00:00,FALSE
"939",939,35749,"H3",18,224,2,0,23,24,39.01861,-123.08439,2.8,5,41,3,"8/12/18","James III","2018-08-12 2:0:0",2018-08-12 02:00:00,FALSE
"940",940,35749,"H3",18,224,0,0,6,26,39.02,-123.08331,2.3,5,40,3,"8/12/18","James III","2018-08-12 0:0:0",2018-08-12 00:00:00,FALSE
"941",941,35749,"H3",18,223,22,0,8,25,39.02122,-123.08245,4.2,5,39,3,"8/11/18","James III","2018-08-11 22:0:0",2018-08-11 22:00:00,FALSE
"942",942,35749,"H3",18,223,20,0,0,30,39.01998,-123.08107,3.5,3,33,2,"8/11/18","James III","2018-08-11 20:0:0",2018-08-11 20:00:00,FALSE
"943",943,35749,"H3",18,223,16,0,11,37,39.02108,-123.08743,4,4,40,3,"8/11/18","James III","2018-08-11 16:0:0",2018-08-11 16:00:00,FALSE
"944",944,35749,"H3",18,223,14,1,1,37,39.01986,-123.08924,3.4,5,49,3,"8/11/18","James III","2018-08-11 14:1:0",2018-08-11 14:01:00,FALSE
"945",945,35749,"H3",18,223,6,1,4,26,39.02452,-123.08705,1.4,6,57,3,"8/11/18","James III","2018-08-11 6:1:0",2018-08-11 06:01:00,FALSE
"946",946,35749,"H3",18,223,2,0,24,25,39.02161,-123.08445,1.8,5,39,3,"8/11/18","James III","2018-08-11 2:0:0",2018-08-11 02:00:00,FALSE
"947",947,35749,"H3",18,223,0,0,8,26,39.02105,-123.08441,7.7,4,40,3,"8/11/18","James III","2018-08-11 0:0:0",2018-08-11 00:00:00,FALSE
"948",948,35749,"H3",18,222,22,0,10,30,39.02112,-123.08233,1.3,8,39,3,"8/10/18","James III","2018-08-10 22:0:0",2018-08-10 22:00:00,FALSE
"949",949,35749,"H3",18,222,20,0,1,31,39.02059,-123.082,1.9,3,41,2,"8/10/18","James III","2018-08-10 20:0:0",2018-08-10 20:00:00,FALSE
"950",950,35749,"H3",18,222,18,0,15,34,39.02117,-123.08261,1.1,7,43,3,"8/10/18","James III","2018-08-10 18:0:0",2018-08-10 18:00:00,FALSE
"951",951,35749,"H3",18,222,16,0,12,40,39.0209,-123.08779,2.8,5,39,3,"8/10/18","James III","2018-08-10 16:0:0",2018-08-10 16:00:00,FALSE
"952",952,35749,"H3",18,222,14,0,4,38,39.02405,-123.08911,2.9,4,33,3,"8/10/18","James III","2018-08-10 14:0:0",2018-08-10 14:00:00,FALSE
"953",953,35749,"H3",18,222,10,0,15,35,39.02521,-123.08937,1.1,7,39,3,"8/10/18","James III","2018-08-10 10:0:0",2018-08-10 10:00:00,FALSE
"954",954,35749,"H3",18,222,8,0,14,30,39.02774,-123.08692,3.1,4,40,3,"8/10/18","James III","2018-08-10 8:0:0",2018-08-10 08:00:00,FALSE
"955",955,35749,"H3",18,222,6,0,16,27,39.02462,-123.08571,1.4,6,41,3,"8/10/18","James III","2018-08-10 6:0:0",2018-08-10 06:00:00,FALSE
"956",956,35749,"H3",18,222,4,0,1,30,39.02114,-123.08258,1.9,6,39,3,"8/10/18","James III","2018-08-10 4:0:0",2018-08-10 04:00:00,FALSE
"957",957,35749,"H3",18,222,2,0,8,31,39.02206,-123.07081,7.2,3,39,2,"8/10/18","James III","2018-08-10 2:0:0",2018-08-10 02:00:00,FALSE
"958",958,35749,"H3",18,222,0,0,3,31,39.02113,-123.08235,2,4,41,3,"8/10/18","James III","2018-08-10 0:0:0",2018-08-10 00:00:00,FALSE
"959",959,35749,"H3",18,221,22,0,5,29,39.02117,-123.08258,1.7,6,40,3,"8/9/18","James III","2018-08-09 22:0:0",2018-08-09 22:00:00,FALSE
"960",960,35749,"H3",18,221,20,0,10,32,39.0248,-123.08739,1.2,9,39,3,"8/9/18","James III","2018-08-09 20:0:0",2018-08-09 20:00:00,FALSE
"961",961,35749,"H3",18,221,18,0,6,38,39.02158,-123.08724,1.6,6,40,3,"8/9/18","James III","2018-08-09 18:0:0",2018-08-09 18:00:00,FALSE
"962",962,35749,"H3",18,221,16,0,11,40,39.01486,-123.08863,11.2,3,57,2,"8/9/18","James III","2018-08-09 16:0:0",2018-08-09 16:00:00,FALSE
"963",963,35749,"H3",18,221,14,0,2,40,39.02112,-123.08775,1.1,7,39,3,"8/9/18","James III","2018-08-09 14:0:0",2018-08-09 14:00:00,FALSE
"964",964,35749,"H3",18,221,12,0,13,36,39.02029,-123.08827,2.7,3,51,2,"8/9/18","James III","2018-08-09 12:0:0",2018-08-09 12:00:00,FALSE
"965",965,35749,"H3",18,221,8,0,5,32,39.0189,-123.08205,1.2,8,41,3,"8/9/18","James III","2018-08-09 8:0:0",2018-08-09 08:00:00,FALSE
"966",966,35749,"H3",18,221,6,0,5,27,39.0189,-123.08007,1.4,6,40,3,"8/9/18","James III","2018-08-09 6:0:0",2018-08-09 06:00:00,FALSE
"967",967,35749,"H3",18,221,4,0,15,28,39.02018,-123.08255,1.5,7,39,3,"8/9/18","James III","2018-08-09 4:0:0",2018-08-09 04:00:00,FALSE
"968",968,35749,"H3",18,221,2,0,7,30,39.02054,-123.0839,4.2,4,39,3,"8/9/18","James III","2018-08-09 2:0:0",2018-08-09 02:00:00,FALSE
"969",969,35749,"H3",18,221,0,0,9,31,39.02037,-123.08398,1.7,5,42,3,"8/9/18","James III","2018-08-09 0:0:0",2018-08-09 00:00:00,FALSE
"970",970,35749,"H3",18,220,22,0,7,31,39.02028,-123.08386,1.1,9,39,3,"8/8/18","James III","2018-08-08 22:0:0",2018-08-08 22:00:00,FALSE
"971",971,35749,"H3",18,220,20,0,11,30,39.0214,-123.08361,1.7,5,33,3,"8/8/18","James III","2018-08-08 20:0:0",2018-08-08 20:00:00,FALSE
"972",972,35749,"H3",18,220,16,0,3,39,39.02526,-123.08939,1.1,5,32,3,"8/8/18","James III","2018-08-08 16:0:0",2018-08-08 16:00:00,FALSE
"973",973,35749,"H3",18,220,12,0,15,35,39.02852,-123.0836,5.3,3,54,2,"8/8/18","James III","2018-08-08 12:0:0",2018-08-08 12:00:00,FALSE
"974",974,35749,"H3",18,220,10,0,17,33,39.02239,-123.08544,1,8,39,3,"8/8/18","James III","2018-08-08 10:0:0",2018-08-08 10:00:00,FALSE
"975",975,35749,"H3",18,220,8,0,9,28,39.01944,-123.08535,6.3,4,33,3,"8/8/18","James III","2018-08-08 8:0:0",2018-08-08 08:00:00,FALSE
"976",976,35749,"H3",18,220,4,0,4,30,39.02145,-123.08247,2.7,4,41,3,"8/8/18","James III","2018-08-08 4:0:0",2018-08-08 04:00:00,FALSE
"977",977,35749,"H3",18,220,2,0,9,26,39.02116,-123.08272,4.1,5,40,3,"8/8/18","James III","2018-08-08 2:0:0",2018-08-08 02:00:00,FALSE
"978",978,35749,"H3",18,220,0,0,10,28,39.02133,-123.08276,1,8,40,3,"8/8/18","James III","2018-08-08 0:0:0",2018-08-08 00:00:00,FALSE
"979",979,35749,"H3",18,219,22,0,14,30,39.01984,-123.08081,13.3,4,40,3,"8/7/18","James III","2018-08-07 22:0:0",2018-08-07 22:00:00,FALSE
"980",980,35749,"H3",18,219,20,0,0,32,39.02113,-123.08234,1.9,6,40,3,"8/7/18","James III","2018-08-07 20:0:0",2018-08-07 20:00:00,FALSE
"981",981,35749,"H3",18,219,18,0,10,31,39.02117,-123.08238,1.2,7,39,3,"8/7/18","James III","2018-08-07 18:0:0",2018-08-07 18:00:00,FALSE
"982",982,35749,"H3",18,219,16,0,14,34,39.02658,-123.08814,5.5,4,41,3,"8/7/18","James III","2018-08-07 16:0:0",2018-08-07 16:00:00,FALSE
"983",983,35749,"H3",18,219,14,0,0,35,39.02522,-123.08935,2.3,6,39,3,"8/7/18","James III","2018-08-07 14:0:0",2018-08-07 14:00:00,FALSE
"984",984,35749,"H3",18,219,12,0,3,33,39.02531,-123.0892,3.1,4,58,3,"8/7/18","James III","2018-08-07 12:0:0",2018-08-07 12:00:00,FALSE
"985",985,35749,"H3",18,219,10,0,14,30,39.02562,-123.08489,3,4,39,3,"8/7/18","James III","2018-08-07 10:0:0",2018-08-07 10:00:00,FALSE
"986",986,35749,"H3",18,219,8,0,10,28,39.02899,-123.08592,4,3,41,2,"8/7/18","James III","2018-08-07 8:0:0",2018-08-07 08:00:00,FALSE
"987",987,35749,"H3",18,219,6,0,13,27,39.02469,-123.08627,2,5,39,3,"8/7/18","James III","2018-08-07 6:0:0",2018-08-07 06:00:00,FALSE
"988",988,35749,"H3",18,219,4,0,9,30,39.02376,-123.08092,4,3,49,2,"8/7/18","James III","2018-08-07 4:0:0",2018-08-07 04:00:00,FALSE
"989",989,35749,"H3",18,219,0,0,5,26,39.02033,-123.0866,1.6,6,39,3,"8/7/18","James III","2018-08-07 0:0:0",2018-08-07 00:00:00,FALSE
"990",990,35749,"H3",18,218,22,0,12,26,39.02121,-123.08554,1.3,7,40,3,"8/6/18","James III","2018-08-06 22:0:0",2018-08-06 22:00:00,FALSE
"991",991,35749,"H3",18,218,20,0,0,30,39.02116,-123.08261,3.3,5,39,3,"8/6/18","James III","2018-08-06 20:0:0",2018-08-06 20:00:00,FALSE
"992",992,35749,"H3",18,218,18,1,6,35,39.02113,-123.08234,1.2,6,49,3,"8/6/18","James III","2018-08-06 18:1:0",2018-08-06 18:01:00,FALSE
"993",993,35749,"H3",18,218,12,0,9,36,39.01744,-123.07814,1.7,5,40,3,"8/6/18","James III","2018-08-06 12:0:0",2018-08-06 12:00:00,FALSE
"994",994,35749,"H3",18,218,10,0,18,31,39.01499,-123.07835,2.8,3,41,2,"8/6/18","James III","2018-08-06 10:0:0",2018-08-06 10:00:00,FALSE
"995",995,35749,"H3",18,218,8,0,7,27,39.02116,-123.08242,1.9,5,39,3,"8/6/18","James III","2018-08-06 8:0:0",2018-08-06 08:00:00,FALSE
"996",996,35749,"H3",18,218,6,0,0,30,39.02105,-123.08239,2,5,41,3,"8/6/18","James III","2018-08-06 6:0:0",2018-08-06 06:00:00,FALSE
"997",997,35749,"H3",18,218,4,0,7,29,39.02103,-123.08234,2.7,5,40,3,"8/6/18","James III","2018-08-06 4:0:0",2018-08-06 04:00:00,FALSE
"998",998,35749,"H3",18,218,2,0,24,24,39.01956,-123.08382,2.3,5,39,3,"8/6/18","James III","2018-08-06 2:0:0",2018-08-06 02:00:00,FALSE
"999",999,35749,"H3",18,218,0,0,18,26,39.01916,-123.08501,1.5,5,41,3,"8/6/18","James III","2018-08-06 0:0:0",2018-08-06 00:00:00,FALSE
"1000",1000,35749,"H3",18,217,22,0,12,25,39.02044,-123.0842,1.4,7,40,3,"8/5/18","James III","2018-08-05 22:0:0",2018-08-05 22:00:00,FALSE
"1001",1001,35749,"H3",18,217,20,0,13,28,39.02136,-123.08378,1.3,8,39,3,"8/5/18","James III","2018-08-05 20:0:0",2018-08-05 20:00:00,FALSE
"1002",1002,35749,"H3",18,217,18,0,9,33,39.0211,-123.08489,1.5,5,41,3,"8/5/18","James III","2018-08-05 18:0:0",2018-08-05 18:00:00,FALSE
"1003",1003,35749,"H3",18,217,16,0,1,36,39.01966,-123.08434,1.9,6,40,3,"8/5/18","James III","2018-08-05 16:0:0",2018-08-05 16:00:00,FALSE
"1004",1004,35749,"H3",18,217,14,0,11,35,39.01951,-123.08403,1,7,39,3,"8/5/18","James III","2018-08-05 14:0:0",2018-08-05 14:00:00,FALSE
"1005",1005,35749,"H3",18,217,12,0,12,33,39.01739,-123.08533,4.1,3,42,2,"8/5/18","James III","2018-08-05 12:0:0",2018-08-05 12:00:00,FALSE
"1006",1006,35749,"H3",18,217,10,0,22,29,39.01862,-123.08481,3.5,4,39,3,"8/5/18","James III","2018-08-05 10:0:0",2018-08-05 10:00:00,FALSE
"1007",1007,35749,"H3",18,217,8,1,15,24,39.02567,-123.07173,10,3,58,2,"8/5/18","James III","2018-08-05 8:1:0",2018-08-05 08:01:00,FALSE
"1008",1008,35749,"H3",18,217,6,0,0,27,39.01797,-123.08306,4,3,41,2,"8/5/18","James III","2018-08-05 6:0:0",2018-08-05 06:00:00,FALSE
"1009",1009,35749,"H3",18,217,4,0,14,25,39.02124,-123.08228,4,5,40,3,"8/5/18","James III","2018-08-05 4:0:0",2018-08-05 04:00:00,FALSE
"1010",1010,35749,"H3",18,217,2,0,0,28,39.02106,-123.08233,1.5,5,38,3,"8/5/18","James III","2018-08-05 2:0:0",2018-08-05 02:00:00,FALSE
"1011",1011,35749,"H3",18,217,0,0,11,24,39.02105,-123.08234,2,4,41,3,"8/5/18","James III","2018-08-05 0:0:0",2018-08-05 00:00:00,FALSE
"1012",1012,35749,"H3",18,216,22,0,19,24,39.02502,-123.09101,1.4,7,40,3,"8/4/18","James III","2018-08-04 22:0:0",2018-08-04 22:00:00,FALSE
"1013",1013,35749,"H3",18,216,20,0,15,26,39.02499,-123.08995,1.9,5,51,3,"8/4/18","James III","2018-08-04 20:0:0",2018-08-04 20:00:00,FALSE
"1014",1014,35749,"H3",18,216,18,1,26,31,39.02534,-123.08853,3.1,3,51,2,"8/4/18","James III","2018-08-04 18:1:0",2018-08-04 18:01:00,FALSE
"1015",1015,35749,"H3",18,216,14,0,4,36,39.02666,-123.08981,2.2,3,39,2,"8/4/18","James III","2018-08-04 14:0:0",2018-08-04 14:00:00,FALSE
"1016",1016,35749,"H3",18,216,12,0,6,34,39.02524,-123.08932,2.7,4,40,3,"8/4/18","James III","2018-08-04 12:0:0",2018-08-04 12:00:00,FALSE
"1017",1017,35749,"H3",18,216,10,0,8,29,39.01865,-123.07859,12.2,3,33,2,"8/4/18","James III","2018-08-04 10:0:0",2018-08-04 10:00:00,FALSE
"1018",1018,35749,"H3",18,216,6,0,2,25,39.02566,-123.08061,1,9,40,3,"8/4/18","James III","2018-08-04 6:0:0",2018-08-04 06:00:00,FALSE
"1019",1019,35749,"H3",18,216,4,0,0,29,39.02413,-123.07915,3.2,3,33,2,"8/4/18","James III","2018-08-04 4:0:0",2018-08-04 04:00:00,FALSE
"1020",1020,35749,"H3",18,216,0,0,9,26,39.02062,-123.08594,1.3,6,40,3,"8/4/18","James III","2018-08-04 0:0:0",2018-08-04 00:00:00,FALSE
"1021",1021,35749,"H3",18,215,22,0,7,27,39.02028,-123.08386,1.6,7,39,3,"8/3/18","James III","2018-08-03 22:0:0",2018-08-03 22:00:00,FALSE
"1022",1022,35749,"H3",18,215,20,0,11,30,39.02026,-123.08354,1.2,9,40,3,"8/3/18","James III","2018-08-03 20:0:0",2018-08-03 20:00:00,FALSE
"1023",1023,35749,"H3",18,215,18,0,18,34,39.01944,-123.08398,1.9,5,41,3,"8/3/18","James III","2018-08-03 18:0:0",2018-08-03 18:00:00,FALSE
"1024",1024,35749,"H3",18,215,16,0,11,35,39.01658,-123.07955,1.2,7,38,3,"8/3/18","James III","2018-08-03 16:0:0",2018-08-03 16:00:00,FALSE
"1025",1025,35749,"H3",18,215,14,0,5,37,39.01669,-123.08039,1.9,4,41,3,"8/3/18","James III","2018-08-03 14:0:0",2018-08-03 14:00:00,FALSE
"1026",1026,35749,"H3",18,215,12,0,17,36,39.01668,-123.08043,1.5,6,39,3,"8/3/18","James III","2018-08-03 12:0:0",2018-08-03 12:00:00,FALSE
"1027",1027,35749,"H3",18,215,10,0,6,30,39.01685,-123.07852,3.8,3,40,2,"8/3/18","James III","2018-08-03 10:0:0",2018-08-03 10:00:00,FALSE
"1028",1028,35749,"H3",18,215,8,0,9,27,39.01663,-123.07965,2.4,5,32,3,"8/3/18","James III","2018-08-03 8:0:0",2018-08-03 08:00:00,FALSE
"1029",1029,35749,"H3",18,215,4,0,11,23,39.02663,-123.08252,2.1,6,40,3,"8/3/18","James III","2018-08-03 4:0:0",2018-08-03 04:00:00,FALSE
"1030",1030,35749,"H3",18,215,2,0,6,24,39.02074,-123.08396,1.6,6,40,3,"8/3/18","James III","2018-08-03 2:0:0",2018-08-03 02:00:00,FALSE
"1031",1031,35749,"H3",18,215,0,0,10,27,39.02029,-123.08384,1.1,8,39,3,"8/3/18","James III","2018-08-03 0:0:0",2018-08-03 00:00:00,FALSE
"1032",1032,35749,"H3",18,214,22,0,4,25,39.02047,-123.0852,1.5,7,40,3,"8/2/18","James III","2018-08-02 22:0:0",2018-08-02 22:00:00,FALSE
"1033",1033,35749,"H3",18,214,20,0,16,28,39.02214,-123.08489,1.5,7,33,3,"8/2/18","James III","2018-08-02 20:0:0",2018-08-02 20:00:00,FALSE
"1034",1034,35749,"H3",18,214,16,0,21,38,39.01954,-123.0842,1.3,6,33,3,"8/2/18","James III","2018-08-02 16:0:0",2018-08-02 16:00:00,FALSE
"1035",1035,35749,"H3",18,214,12,0,0,37,39.01948,-123.08417,1.4,6,41,3,"8/2/18","James III","2018-08-02 12:0:0",2018-08-02 12:00:00,FALSE
"1036",1036,35749,"H3",18,214,10,0,14,30,39.01953,-123.08425,2.8,5,40,3,"8/2/18","James III","2018-08-02 10:0:0",2018-08-02 10:00:00,FALSE
"1037",1037,35749,"H3",18,214,8,0,9,26,39.02086,-123.08191,3.2,5,39,3,"8/2/18","James III","2018-08-02 8:0:0",2018-08-02 08:00:00,FALSE
"1038",1038,35749,"H3",18,214,6,0,0,29,39.02146,-123.08209,2.8,4,41,3,"8/2/18","James III","2018-08-02 6:0:0",2018-08-02 06:00:00,FALSE
"1039",1039,35749,"H3",18,214,4,0,4,28,39.02121,-123.082,1.3,6,39,3,"8/2/18","James III","2018-08-02 4:0:0",2018-08-02 04:00:00,FALSE
"1040",1040,35749,"H3",18,214,2,0,21,25,39.02602,-123.07948,9.3,3,40,2,"8/2/18","James III","2018-08-02 2:0:0",2018-08-02 02:00:00,FALSE
"1041",1041,35749,"H3",18,214,0,0,4,27,39.0204,-123.08351,1.9,5,40,3,"8/2/18","James III","2018-08-02 0:0:0",2018-08-02 00:00:00,FALSE
"1042",1042,35749,"H3",18,213,22,0,5,29,39.0215,-123.08267,1.7,6,41,3,"8/1/18","James III","2018-08-01 22:0:0",2018-08-01 22:00:00,FALSE
"1043",1043,35749,"H3",18,213,20,0,16,29,39.02009,-123.07801,1.7,6,40,3,"8/1/18","James III","2018-08-01 20:0:0",2018-08-01 20:00:00,FALSE
"1044",1044,35749,"H3",18,213,18,0,2,37,39.0163,-123.08106,1.5,7,40,3,"8/1/18","James III","2018-08-01 18:0:0",2018-08-01 18:00:00,FALSE
"1045",1045,35749,"H3",18,213,16,0,16,36,39.01625,-123.08098,1,6,41,3,"8/1/18","James III","2018-08-01 16:0:0",2018-08-01 16:00:00,FALSE
"1046",1046,35749,"H3",18,213,14,0,14,39,39.01667,-123.08049,1.3,6,39,3,"8/1/18","James III","2018-08-01 14:0:0",2018-08-01 14:00:00,FALSE
"1047",1047,35749,"H3",18,213,12,0,11,37,39.01663,-123.07978,3.9,4,40,3,"8/1/18","James III","2018-08-01 12:0:0",2018-08-01 12:00:00,FALSE
"1048",1048,35749,"H3",18,213,10,0,22,32,39.01926,-123.08222,2.3,5,40,3,"8/1/18","James III","2018-08-01 10:0:0",2018-08-01 10:00:00,FALSE
"1049",1049,35749,"H3",18,213,8,0,11,27,39.02087,-123.08213,2.1,5,49,3,"8/1/18","James III","2018-08-01 8:0:0",2018-08-01 08:00:00,FALSE
"1050",1050,35749,"H3",18,213,4,0,8,28,39.02186,-123.08241,2.5,4,40,3,"8/1/18","James III","2018-08-01 4:0:0",2018-08-01 04:00:00,FALSE
"1051",1051,35749,"H3",18,213,2,0,0,30,39.02632,-123.0802,5.4,3,58,2,"8/1/18","James III","2018-08-01 2:0:0",2018-08-01 02:00:00,FALSE
"1052",1052,35749,"H3",18,213,0,0,20,30,39.02157,-123.08235,1.6,6,41,3,"8/1/18","James III","2018-08-01 0:0:0",2018-08-01 00:00:00,FALSE
"1053",1053,35749,"H3",18,212,22,0,13,28,39.02042,-123.08533,3.3,5,39,3,"7/31/18","James III","2018-07-31 22:0:0",2018-07-31 22:00:00,FALSE
"1054",1054,35749,"H3",18,212,20,0,9,32,39.01709,-123.08319,8.7,3,33,2,"7/31/18","James III","2018-07-31 20:0:0",2018-07-31 20:00:00,FALSE
"1055",1055,35749,"H3",18,212,16,0,4,38,39.01636,-123.08085,1.1,8,39,3,"7/31/18","James III","2018-07-31 16:0:0",2018-07-31 16:00:00,FALSE
"1056",1056,35749,"H3",18,212,14,0,9,40,39.01636,-123.08074,0.9,8,41,3,"7/31/18","James III","2018-07-31 14:0:0",2018-07-31 14:00:00,FALSE
"1057",1057,35749,"H3",18,212,12,0,3,37,39.01765,-123.08135,1.9,3,42,2,"7/31/18","James III","2018-07-31 12:0:0",2018-07-31 12:00:00,FALSE
"1058",1058,35749,"H3",18,212,10,0,29,32,39.01704,-123.08119,3.1,4,51,3,"7/31/18","James III","2018-07-31 10:0:0",2018-07-31 10:00:00,FALSE
"1059",1059,35749,"H3",18,212,6,0,19,26,39.02126,-123.08168,2.5,5,41,3,"7/31/18","James III","2018-07-31 6:0:0",2018-07-31 06:00:00,FALSE
"1060",1060,35749,"H3",18,212,4,0,8,29,39.02181,-123.08235,1.8,5,39,3,"7/31/18","James III","2018-07-31 4:0:0",2018-07-31 04:00:00,FALSE
"1061",1061,35749,"H3",18,212,2,0,11,27,39.02157,-123.08272,25.5,4,41,3,"7/31/18","James III","2018-07-31 2:0:0",2018-07-31 02:00:00,FALSE
"1062",1062,35749,"H3",18,212,0,0,12,28,39.02146,-123.08272,1.2,7,40,3,"7/31/18","James III","2018-07-31 0:0:0",2018-07-31 00:00:00,FALSE
"1063",1063,35749,"H3",18,211,22,0,7,28,39.02191,-123.08268,1.4,7,39,3,"7/30/18","James III","2018-07-30 22:0:0",2018-07-30 22:00:00,FALSE
"1064",1064,35749,"H3",18,211,20,0,8,31,39.0214,-123.08267,5.6,5,42,3,"7/30/18","James III","2018-07-30 20:0:0",2018-07-30 20:00:00,FALSE
"1065",1065,35749,"H3",18,211,18,0,17,35,39.02152,-123.08271,2.3,5,40,3,"7/30/18","James III","2018-07-30 18:0:0",2018-07-30 18:00:00,FALSE
"1066",1066,35749,"H3",18,211,16,0,6,37,39.02116,-123.08607,1,8,39,3,"7/30/18","James III","2018-07-30 16:0:0",2018-07-30 16:00:00,FALSE
"1067",1067,35749,"H3",18,211,14,0,3,39,39.02119,-123.08588,3.7,4,40,3,"7/30/18","James III","2018-07-30 14:0:0",2018-07-30 14:00:00,FALSE
"1068",1068,35749,"H3",18,211,12,0,21,37,39.01956,-123.08439,4.7,4,39,3,"7/30/18","James III","2018-07-30 12:0:0",2018-07-30 12:00:00,FALSE
"1069",1069,35749,"H3",18,211,10,0,10,31,39.02104,-123.08251,2.2,4,33,3,"7/30/18","James III","2018-07-30 10:0:0",2018-07-30 10:00:00,FALSE
"1070",1070,35749,"H3",18,211,6,0,8,29,39.02189,-123.0826,4.2,4,32,3,"7/30/18","James III","2018-07-30 6:0:0",2018-07-30 06:00:00,FALSE
"1071",1071,35749,"H3",18,211,2,0,18,28,39.02281,-123.08201,2.8,4,33,3,"7/30/18","James III","2018-07-30 2:0:0",2018-07-30 02:00:00,FALSE
"1072",1072,35749,"H3",18,210,22,0,12,28,39.02149,-123.08453,2,6,40,3,"7/29/18","James III","2018-07-29 22:0:0",2018-07-29 22:00:00,FALSE
"1073",1073,35749,"H3",18,210,20,0,15,31,39.02055,-123.08533,1.7,6,39,3,"7/29/18","James III","2018-07-29 20:0:0",2018-07-29 20:00:00,FALSE
"1074",1074,35749,"H3",18,210,18,0,8,35,39.02161,-123.0828,2.1,4,41,3,"7/29/18","James III","2018-07-29 18:0:0",2018-07-29 18:00:00,FALSE
"1075",1075,35749,"H3",18,210,16,0,3,37,39.02196,-123.08277,1.6,5,39,3,"7/29/18","James III","2018-07-29 16:0:0",2018-07-29 16:00:00,FALSE
"1076",1076,35749,"H3",18,210,14,0,5,39,39.02154,-123.08239,5,4,39,3,"7/29/18","James III","2018-07-29 14:0:0",2018-07-29 14:00:00,FALSE
"1077",1077,35749,"H3",18,210,12,0,4,38,39.02177,-123.08272,4.2,4,59,3,"7/29/18","James III","2018-07-29 12:0:0",2018-07-29 12:00:00,FALSE
"1078",1078,35749,"H3",18,210,10,0,13,33,39.02163,-123.08257,2,5,40,3,"7/29/18","James III","2018-07-29 10:0:0",2018-07-29 10:00:00,FALSE
"1079",1079,35749,"H3",18,210,8,0,5,30,39.02196,-123.0826,1.7,7,40,3,"7/29/18","James III","2018-07-29 8:0:0",2018-07-29 08:00:00,FALSE
"1080",1080,35749,"H3",18,210,6,0,16,30,39.02197,-123.08261,2.3,5,41,3,"7/29/18","James III","2018-07-29 6:0:0",2018-07-29 06:00:00,FALSE
"1081",1081,35749,"H3",18,210,4,0,11,28,39.02401,-123.08346,1.2,8,37,3,"7/29/18","James III","2018-07-29 4:0:0",2018-07-29 04:00:00,FALSE
"1082",1082,35749,"H3",18,210,2,0,19,28,39.02263,-123.08242,13.5,4,42,3,"7/29/18","James III","2018-07-29 2:0:0",2018-07-29 02:00:00,FALSE
"1083",1083,35749,"H3",18,210,0,0,2,30,39.02133,-123.08157,1,9,40,3,"7/29/18","James III","2018-07-29 0:0:0",2018-07-29 00:00:00,FALSE
"1084",1084,35749,"H3",18,209,22,0,15,30,39.02183,-123.08274,1.4,8,39,3,"7/28/18","James III","2018-07-28 22:0:0",2018-07-28 22:00:00,FALSE
"1085",1085,35749,"H3",18,209,20,0,4,33,39.02304,-123.08271,1.2,9,40,3,"7/28/18","James III","2018-07-28 20:0:0",2018-07-28 20:00:00,FALSE
"1086",1086,35749,"H3",18,209,18,0,13,39,39.02037,-123.08547,2,6,40,3,"7/28/18","James III","2018-07-28 18:0:0",2018-07-28 18:00:00,FALSE
"1087",1087,35749,"H3",18,209,16,0,3,39,39.02177,-123.08752,1.3,6,39,3,"7/28/18","James III","2018-07-28 16:0:0",2018-07-28 16:00:00,FALSE
"1088",1088,35749,"H3",18,209,14,0,6,40,39.02177,-123.08766,1.5,6,40,3,"7/28/18","James III","2018-07-28 14:0:0",2018-07-28 14:00:00,FALSE
"1089",1089,35749,"H3",18,209,12,0,4,39,39.02149,-123.088,2.4,4,41,3,"7/28/18","James III","2018-07-28 12:0:0",2018-07-28 12:00:00,FALSE
"1090",1090,35749,"H3",18,209,10,0,25,34,39.02185,-123.08783,1.4,7,39,3,"7/28/18","James III","2018-07-28 10:0:0",2018-07-28 10:00:00,FALSE
"1091",1091,35749,"H3",18,209,8,0,25,29,39.01832,-123.07787,1.3,6,41,3,"7/28/18","James III","2018-07-28 8:0:0",2018-07-28 08:00:00,FALSE
"1092",1092,35749,"H3",18,209,6,0,6,25,39.00619,-123.07648,1,8,40,3,"7/28/18","James III","2018-07-28 6:0:0",2018-07-28 06:00:00,FALSE
"1093",1093,35749,"H3",18,209,4,0,14,25,39.0055,-123.07678,1.2,7,31,3,"7/28/18","James III","2018-07-28 4:0:0",2018-07-28 04:00:00,FALSE
