,CollarSerialNumber,AnimalID,Year,Julianday,Hour,Minute,Activity,Temperature,Latitude,Longitude,HDOP,NumSats,FixTime,X2D.3D,Date,Capture_Pasture,Time
3318,35755,P4,18,208,22,0,19,23,39.03098,-123.11045,5.7,4,59,3,7/27/2018,James I,7/27/2018 22:00
3319,35755,P4,18,208,20,0,4,26,39.03106,-123.11151,2.9,4,52,3,7/27/2018,James I,7/27/2018 20:00
3320,35755,P4,18,208,18,0,20,28,39.0329,-123.11373,2.7,4,32,3,7/27/2018,James I,7/27/2018 18:00
3321,35755,P4,18,208,14,0,3,30,39.04162,-123.09873,1.1,7,36,3,7/27/2018,James I,7/27/2018 14:00
3322,35755,P4,18,208,10,0,0,26,39.0418,-123.09886,1.7,6,39,3,7/27/2018,James I,7/27/2018 10:00
3323,35755,P4,18,208,8,0,18,24,39.04183,-123.09885,1.3,7,40,3,7/27/2018,James I,7/27/2018 8:00
3324,35755,P4,18,208,6,0,5,20,39.04284,-123.0983,1.7,6,39,3,7/27/2018,James I,7/27/2018 6:00
3325,35755,P4,18,208,4,0,5,20,39.04143,-123.09702,0.9,10,43,3,7/27/2018,James I,7/27/2018 4:00
3326,35755,P4,18,208,2,0,2,21,39.04006,-123.095,1.5,7,40,3,7/27/2018,James I,7/27/2018 2:00
3327,35755,P4,18,208,0,0,1,21,39.04006,-123.095,1,8,41,3,7/27/2018,James I,7/27/2018 0:00
3328,35755,P4,18,207,22,0,10,22,39.04023,-123.09517,1.2,9,39,3,7/26/2018,James I,7/26/2018 22:00
3329,35755,P4,18,207,20,0,17,25,39.03897,-123.09629,3.5,3,50,2,7/26/2018,James I,7/26/2018 20:00
3330,35755,P4,18,207,18,0,11,27,39.04791,-123.08974,7.5,3,40,2,7/26/2018,James I,7/26/2018 18:00
3331,35755,P4,18,207,16,0,5,30,39.04296,-123.09813,1.2,8,41,3,7/26/2018,James I,7/26/2018 16:00
3332,35755,P4,18,207,14,0,2,32,39.0432,-123.09815,2.6,4,40,3,7/26/2018,James I,7/26/2018 14:00
3333,35755,P4,18,207,12,0,18,30,39.04489,-123.09645,2.5,3,49,2,7/26/2018,James I,7/26/2018 12:00
3334,35755,P4,18,207,8,1,7,27,39.04143,-123.09691,1.8,6,59,3,7/26/2018,James I,7/26/2018 8:01
3335,35755,P4,18,207,6,0,13,22,39.03988,-123.09632,1.7,8,39,3,7/26/2018,James I,7/26/2018 6:00
3336,35755,P4,18,207,4,0,5,21,39.04019,-123.09519,0.9,9,42,3,7/26/2018,James I,7/26/2018 4:00
3337,35755,P4,18,207,2,0,7,23,39.04006,-123.09504,0.9,9,41,3,7/26/2018,James I,7/26/2018 2:00
3338,35755,P4,18,207,0,0,1,24,39.04508,-123.09938,4.6,3,41,2,7/26/2018,James I,7/26/2018 0:00
3339,35755,P4,18,206,22,0,14,23,39.03937,-123.09378,1.6,5,40,3,7/25/2018,James I,7/25/2018 22:00
3340,35755,P4,18,206,20,0,19,24,39.04257,-123.09548,4.8,4,44,3,7/25/2018,James I,7/25/2018 20:00
3341,35755,P4,18,206,18,0,12,27,39.04297,-123.09813,1.8,6,32,3,7/25/2018,James I,7/25/2018 18:00
3342,35755,P4,18,206,14,0,6,30,39.04298,-123.0982,1.1,7,41,3,7/25/2018,James I,7/25/2018 14:00
3343,35755,P4,18,206,12,0,5,29,39.04323,-123.09838,2.3,5,43,3,7/25/2018,James I,7/25/2018 12:00
3344,35755,P4,18,206,10,0,14,27,39.04286,-123.09845,1.7,6,31,3,7/25/2018,James I,7/25/2018 10:00
3345,35755,P4,18,206,6,0,2,21,39.03996,-123.09633,1,7,40,3,7/25/2018,James I,7/25/2018 6:00
3346,35755,P4,18,206,4,0,3,20,39.03992,-123.09554,1.6,6,40,3,7/25/2018,James I,7/25/2018 4:00
3347,35755,P4,18,206,2,0,11,19,39.04007,-123.09504,1.6,8,40,3,7/25/2018,James I,7/25/2018 2:00
3348,35755,P4,18,206,0,0,6,21,39.04092,-123.09426,3.5,6,58,3,7/25/2018,James I,7/25/2018 0:00
3349,35755,P4,18,205,22,0,11,23,39.0422,-123.09519,4.2,5,42,3,7/24/2018,James I,7/24/2018 22:00
3350,35755,P4,18,205,20,0,14,23,39.04297,-123.09704,1.1,8,40,3,7/24/2018,James I,7/24/2018 20:00
3351,35755,P4,18,205,18,0,5,28,39.0424,-123.09866,2.6,4,43,3,7/24/2018,James I,7/24/2018 18:00
3352,35755,P4,18,205,16,0,1,30,39.04253,-123.09862,1.4,7,41,3,7/24/2018,James I,7/24/2018 16:00
3353,35755,P4,18,205,14,0,2,30,39.04253,-123.09851,3,4,36,3,7/24/2018,James I,7/24/2018 14:00
3354,35755,P4,18,205,10,0,5,25,39.04261,-123.09859,1.8,4,38,3,7/24/2018,James I,7/24/2018 10:00
3355,35755,P4,18,205,8,0,10,23,39.04254,-123.09859,1.2,7,43,3,7/24/2018,James I,7/24/2018 8:00
3356,35755,P4,18,205,6,0,4,20,39.04014,-123.09515,0.9,10,40,3,7/24/2018,James I,7/24/2018 6:00
3357,35755,P4,18,205,4,0,5,19,39.04004,-123.095,0.9,9,40,3,7/24/2018,James I,7/24/2018 4:00
3358,35755,P4,18,205,2,0,4,20,39.04004,-123.095,1.2,8,40,3,7/24/2018,James I,7/24/2018 2:00
3359,35755,P4,18,205,0,0,4,20,39.04009,-123.09516,2.3,6,42,3,7/24/2018,James I,7/24/2018 0:00
3360,35755,P4,18,204,22,0,4,20,39.03993,-123.09613,1,11,39,3,7/23/2018,James I,7/23/2018 22:00
3361,35755,P4,18,204,20,0,12,23,39.03814,-123.09456,3,5,40,3,7/23/2018,James I,7/23/2018 20:00
3362,35755,P4,18,204,18,0,2,27,39.03826,-123.09462,2.1,6,39,3,7/23/2018,James I,7/23/2018 18:00
3363,35755,P4,18,204,16,0,13,29,39.03833,-123.0947,5.6,4,41,3,7/23/2018,James I,7/23/2018 16:00
3364,35755,P4,18,204,14,0,7,30,39.03866,-123.09469,1.4,6,40,3,7/23/2018,James I,7/23/2018 14:00
3365,35755,P4,18,204,12,0,7,27,39.0389,-123.09548,1.8,6,41,3,7/23/2018,James I,7/23/2018 12:00
3366,35755,P4,18,204,10,0,8,25,39.03788,-123.09454,1.7,4,54,3,7/23/2018,James I,7/23/2018 10:00
3367,35755,P4,18,204,8,0,4,23,39.03852,-123.09535,1.6,7,43,3,7/23/2018,James I,7/23/2018 8:00
3368,35755,P4,18,204,6,0,9,18,39.03864,-123.09549,1.5,7,39,3,7/23/2018,James I,7/23/2018 6:00
3369,35755,P4,18,204,4,0,3,18,39.04006,-123.09498,1.2,6,39,3,7/23/2018,James I,7/23/2018 4:00
3370,35755,P4,18,204,2,0,3,20,39.03996,-123.09503,1.1,7,39,3,7/23/2018,James I,7/23/2018 2:00
3371,35755,P4,18,204,0,0,6,19,39.03946,-123.09546,4.2,4,41,3,7/23/2018,James I,7/23/2018 0:00
3372,35755,P4,18,203,22,0,11,21,39.04119,-123.09727,2.2,6,39,3,7/22/2018,James I,7/22/2018 22:00
3373,35755,P4,18,203,20,0,15,23,39.04056,-123.09803,1.5,8,42,3,7/22/2018,James I,7/22/2018 20:00
3374,35755,P4,18,203,18,0,4,27,39.04145,-123.09693,0.8,10,41,3,7/22/2018,James I,7/22/2018 18:00
3375,35755,P4,18,203,16,0,3,30,39.04143,-123.09691,1.4,7,41,3,7/22/2018,James I,7/22/2018 16:00
3376,35755,P4,18,203,14,0,1,30,39.03592,-123.10999,8.2,3,50,2,7/22/2018,James I,7/22/2018 14:00
3377,35755,P4,18,203,12,0,24,27,39.0414,-123.09695,2.9,5,43,3,7/22/2018,James I,7/22/2018 12:00
3378,35755,P4,18,203,10,0,6,23,39.03859,-123.09641,1.9,4,41,3,7/22/2018,James I,7/22/2018 10:00
3379,35755,P4,18,203,8,0,6,19,39.03882,-123.09614,1.1,8,41,3,7/22/2018,James I,7/22/2018 8:00
3380,35755,P4,18,203,6,0,2,19,39.03914,-123.09595,1.2,7,41,3,7/22/2018,James I,7/22/2018 6:00
3381,35755,P4,18,203,4,0,1,18,39.04229,-123.09746,2.7,3,52,2,7/22/2018,James I,7/22/2018 4:00
3382,35755,P4,18,203,2,0,12,18,39.03974,-123.09542,1,8,40,3,7/22/2018,James I,7/22/2018 2:00
3383,35755,P4,18,203,0,0,1,19,39.03952,-123.09378,1.2,7,43,3,7/22/2018,James I,7/22/2018 0:00
3384,35755,P4,18,202,22,0,14,18,39.03947,-123.09375,1.4,8,39,3,7/21/2018,James I,7/21/2018 22:00
3385,35755,P4,18,202,20,0,8,21,39.03787,-123.09432,1.1,9,42,3,7/21/2018,James I,7/21/2018 20:00
3386,35755,P4,18,202,18,0,3,26,39.03957,-123.09552,1.6,7,43,3,7/21/2018,James I,7/21/2018 18:00
3387,35755,P4,18,202,16,0,16,27,39.03966,-123.09554,3.9,5,31,3,7/21/2018,James I,7/21/2018 16:00
3388,35755,P4,18,202,12,0,4,26,39.0404,-123.09652,1.3,6,38,3,7/21/2018,James I,7/21/2018 12:00
3389,35755,P4,18,202,10,0,3,25,39.03947,-123.09278,6,3,51,2,7/21/2018,James I,7/21/2018 10:00
3390,35755,P4,18,202,6,0,7,19,39.0399,-123.09633,0.8,9,38,3,7/21/2018,James I,7/21/2018 6:00
3391,35755,P4,18,202,4,0,2,16,39.03947,-123.09378,1.6,6,42,3,7/21/2018,James I,7/21/2018 4:00
3392,35755,P4,18,202,2,0,15,17,39.03941,-123.09378,1.2,6,40,3,7/21/2018,James I,7/21/2018 2:00
3393,35755,P4,18,202,0,0,3,19,39.03716,-123.09246,4,5,58,3,7/21/2018,James I,7/21/2018 0:00
3394,35755,P4,18,201,22,0,15,20,39.03693,-123.09262,2.3,5,39,3,7/20/2018,James I,7/20/2018 22:00
3395,35755,P4,18,201,20,0,14,21,39.03498,-123.09053,4.5,3,51,2,7/20/2018,James I,7/20/2018 20:00
3396,35755,P4,18,201,18,0,10,25,39.0385,-123.09645,3.5,5,39,3,7/20/2018,James I,7/20/2018 18:00
3397,35755,P4,18,201,16,0,1,26,39.03866,-123.09645,1.8,6,43,3,7/20/2018,James I,7/20/2018 16:00
3398,35755,P4,18,201,14,0,1,25,39.03872,-123.09658,1.2,6,39,3,7/20/2018,James I,7/20/2018 14:00
3399,35755,P4,18,201,12,0,17,23,39.03866,-123.09649,3.7,4,38,3,7/20/2018,James I,7/20/2018 12:00
3400,35755,P4,18,201,10,0,11,21,39.03974,-123.09767,3,3,40,2,7/20/2018,James I,7/20/2018 10:00
3401,35755,P4,18,201,8,0,3,20,39.04171,-123.09746,0.9,10,40,3,7/20/2018,James I,7/20/2018 8:00
3402,35755,P4,18,201,6,0,9,17,39.04159,-123.09725,0.9,8,43,3,7/20/2018,James I,7/20/2018 6:00
3403,35755,P4,18,201,4,0,4,15,39.03947,-123.09469,1.2,7,39,3,7/20/2018,James I,7/20/2018 4:00
3404,35755,P4,18,201,2,0,12,16,39.04368,-123.10372,6.8,3,42,2,7/20/2018,James I,7/20/2018 2:00
3405,35755,P4,18,201,0,0,8,18,39.03782,-123.09128,1.6,5,38,3,7/20/2018,James I,7/20/2018 0:00
3406,35755,P4,18,200,22,0,8,19,39.03783,-123.09233,2.8,5,40,3,7/19/2018,James I,7/19/2018 22:00
3407,35755,P4,18,200,20,0,20,24,39.03674,-123.09279,1.7,6,41,3,7/19/2018,James I,7/19/2018 20:00
3408,35755,P4,18,200,18,0,8,26,39.03718,-123.09427,1.2,7,39,3,7/19/2018,James I,7/19/2018 18:00
3409,35755,P4,18,200,16,0,3,30,39.0388,-123.09535,2.5,5,32,3,7/19/2018,James I,7/19/2018 16:00
3410,35755,P4,18,200,12,0,6,29,39.03866,-123.09661,3.9,5,41,3,7/19/2018,James I,7/19/2018 12:00
3411,35755,P4,18,200,10,0,4,26,39.03885,-123.09613,1.6,5,43,3,7/19/2018,James I,7/19/2018 10:00
3412,35755,P4,18,200,8,0,2,23,39.03896,-123.09664,2.9,4,42,3,7/19/2018,James I,7/19/2018 8:00
3413,35755,P4,18,200,6,0,10,20,39.03933,-123.09619,2.9,7,37,3,7/19/2018,James I,7/19/2018 6:00
3414,35755,P4,18,200,4,0,8,18,39.03983,-123.09558,1.6,6,36,3,7/19/2018,James I,7/19/2018 4:00
3415,35755,P4,18,200,0,0,3,17,39.03926,-123.09466,0.9,9,38,3,7/19/2018,James I,7/19/2018 0:00
3416,35755,P4,18,199,22,0,11,20,39.03887,-123.09372,1.3,9,42,3,7/18/2018,James I,7/18/2018 22:00
3417,35755,P4,18,199,20,0,11,25,39.04268,-123.09755,3.9,6,42,3,7/18/2018,James I,7/18/2018 20:00
3418,35755,P4,18,199,18,0,6,30,39.04204,-123.09919,1.5,7,41,3,7/18/2018,James I,7/18/2018 18:00
3419,35755,P4,18,199,16,0,7,31,39.04228,-123.09874,1.5,5,41,3,7/18/2018,James I,7/18/2018 16:00
3420,35755,P4,18,199,14,0,3,32,39.04224,-123.09906,2.1,4,41,3,7/18/2018,James I,7/18/2018 14:00
3421,35755,P4,18,199,12,0,3,29,39.04136,-123.10183,3.6,4,37,3,7/18/2018,James I,7/18/2018 12:00
3422,35755,P4,18,199,10,0,4,27,39.04221,-123.09634,4.8,3,56,2,7/18/2018,James I,7/18/2018 10:00
3423,35755,P4,18,199,8,0,7,26,39.04241,-123.09868,2.5,5,42,3,7/18/2018,James I,7/18/2018 8:00
3424,35755,P4,18,199,6,0,11,23,39.04079,-123.09825,1.8,6,39,3,7/18/2018,James I,7/18/2018 6:00
3425,35755,P4,18,199,4,0,5,21,39.0393,-123.09854,2.5,4,40,3,7/18/2018,James I,7/18/2018 4:00
3426,35755,P4,18,199,2,0,7,23,39.03924,-123.09862,2.1,6,42,3,7/18/2018,James I,7/18/2018 2:00
3427,35755,P4,18,199,0,0,2,22,39.03892,-123.09889,1.8,6,40,3,7/18/2018,James I,7/18/2018 0:00
3428,35755,P4,18,198,22,0,9,24,39.03889,-123.09887,2.2,6,35,3,7/17/2018,James I,7/17/2018 22:00
3429,35755,P4,18,198,18,0,0,29,39.03749,-123.10154,1.6,6,39,3,7/17/2018,James I,7/17/2018 18:00
3430,35755,P4,18,198,16,0,0,30,39.03744,-123.1014,1.4,5,32,3,7/17/2018,James I,7/17/2018 16:00
3431,35755,P4,18,198,12,0,12,29,39.04085,-123.09994,2.4,5,51,3,7/17/2018,James I,7/17/2018 12:00
3432,35755,P4,18,198,10,0,6,25,39.04182,-123.09946,1.4,5,40,3,7/17/2018,James I,7/17/2018 10:00
3433,35755,P4,18,198,8,0,3,21,39.04201,-123.09918,2.2,4,37,3,7/17/2018,James I,7/17/2018 8:00
3434,35755,P4,18,198,6,0,9,20,39.04207,-123.09908,1.8,6,39,3,7/17/2018,James I,7/17/2018 6:00
3435,35755,P4,18,198,4,0,10,18,39.0438,-123.09672,3.9,3,55,2,7/17/2018,James I,7/17/2018 4:00
3436,35755,P4,18,198,2,0,13,20,39.04233,-123.09896,1.2,7,32,3,7/17/2018,James I,7/17/2018 2:00
3437,35755,P4,18,197,22,1,12,22,39.04235,-123.09891,1.5,8,47,3,7/16/2018,James I,7/16/2018 22:01
3438,35755,P4,18,197,16,0,2,29,39.0524,-123.10007,9.6,3,50,2,7/16/2018,James I,7/16/2018 16:00
3439,35755,P4,18,197,14,0,10,30,39.0423,-123.09873,2.1,4,41,3,7/16/2018,James I,7/16/2018 14:00
3440,35755,P4,18,197,12,0,4,27,39.04201,-123.09909,1.3,6,38,3,7/16/2018,James I,7/16/2018 12:00
3441,35755,P4,18,197,10,0,18,24,39.04209,-123.09908,1.3,6,41,3,7/16/2018,James I,7/16/2018 10:00
3442,35755,P4,18,197,8,0,9,20,39.03857,-123.09527,2.9,5,42,3,7/16/2018,James I,7/16/2018 8:00
3443,35755,P4,18,197,6,0,4,17,39.03943,-123.09599,0.9,9,41,3,7/16/2018,James I,7/16/2018 6:00
3444,35755,P4,18,197,4,0,2,16,39.0399,-123.09574,1.5,6,40,3,7/16/2018,James I,7/16/2018 4:00
3445,35755,P4,18,197,2,0,7,16,39.03974,-123.09561,1.2,7,40,3,7/16/2018,James I,7/16/2018 2:00
3446,35755,P4,18,197,0,0,5,16,39.04006,-123.09498,0.8,10,38,3,7/16/2018,James I,7/16/2018 0:00
3447,35755,P4,18,196,22,0,14,19,39.04056,-123.09433,1,10,40,3,7/15/2018,James I,7/15/2018 22:00
3448,35755,P4,18,196,20,0,11,20,39.04034,-123.09584,1.2,5,57,3,7/15/2018,James I,7/15/2018 20:00
3449,35755,P4,18,196,18,0,2,25,39.0399,-123.09576,4.6,4,41,3,7/15/2018,James I,7/15/2018 18:00
3450,35755,P4,18,196,16,0,0,29,39.04016,-123.0958,2.1,4,39,3,7/15/2018,James I,7/15/2018 16:00
3451,35755,P4,18,196,14,0,4,29,39.04019,-123.0958,1.7,5,34,3,7/15/2018,James I,7/15/2018 14:00
3452,35755,P4,18,196,10,0,10,24,39.0389,-123.09542,1.9,5,39,3,7/15/2018,James I,7/15/2018 10:00
3453,35755,P4,18,196,8,0,2,21,39.03799,-123.09502,1.3,7,39,3,7/15/2018,James I,7/15/2018 8:00
3454,35755,P4,18,196,6,0,11,16,39.03805,-123.09278,3.4,3,55,2,7/15/2018,James I,7/15/2018 6:00
3455,35755,P4,18,196,4,0,9,16,39.03979,-123.09531,2.1,5,41,3,7/15/2018,James I,7/15/2018 4:00
3456,35755,P4,18,196,2,0,1,19,39.03927,-123.09378,2.7,4,43,3,7/15/2018,James I,7/15/2018 2:00
3457,35755,P4,18,196,0,0,11,20,39.03947,-123.09371,1,9,42,3,7/15/2018,James I,7/15/2018 0:00
3458,35755,P4,18,195,22,0,17,21,39.02473,-123.09468,10.9,3,58,2,7/14/2018,James I,7/14/2018 22:00
3459,35755,P4,18,195,20,0,7,21,39.04074,-123.09447,0.9,10,41,3,7/14/2018,James I,7/14/2018 20:00
3460,35755,P4,18,195,18,0,9,26,39.03977,-123.09534,0.9,10,42,3,7/14/2018,James I,7/14/2018 18:00
3461,35755,P4,18,195,16,0,4,30,39.03889,-123.09553,1.6,7,42,3,7/14/2018,James I,7/14/2018 16:00
3462,35755,P4,18,195,14,0,2,30,39.03893,-123.09545,2,5,38,3,7/14/2018,James I,7/14/2018 14:00
3463,35755,P4,18,195,12,0,1,27,39.03891,-123.09546,1.2,6,41,3,7/14/2018,James I,7/14/2018 12:00
3464,35755,P4,18,195,10,0,3,24,39.03889,-123.09549,1.3,6,39,3,7/14/2018,James I,7/14/2018 10:00
3465,35755,P4,18,195,8,0,9,22,39.03899,-123.09586,2.4,6,39,3,7/14/2018,James I,7/14/2018 8:00
3466,35755,P4,18,195,6,0,9,19,39.0397,-123.09642,5.3,6,40,3,7/14/2018,James I,7/14/2018 6:00
3467,35755,P4,18,195,4,0,5,19,39.04004,-123.09515,1.2,7,41,3,7/14/2018,James I,7/14/2018 4:00
3468,35755,P4,18,195,2,0,8,19,39.0392,-123.09553,1.9,4,41,3,7/14/2018,James I,7/14/2018 2:00
3469,35755,P4,18,195,0,0,11,20,39.03787,-123.09441,1.3,6,40,3,7/14/2018,James I,7/14/2018 0:00
3470,35755,P4,18,194,22,0,8,20,39.03843,-123.10002,4.6,3,51,2,7/13/2018,James I,7/13/2018 22:00
3471,35755,P4,18,194,18,0,1,28,39.03868,-123.09666,1.3,7,39,3,7/13/2018,James I,7/13/2018 18:00
3472,35755,P4,18,194,16,0,15,25,39.03867,-123.0966,3.4,4,40,3,7/13/2018,James I,7/13/2018 16:00
3473,35755,P4,18,194,14,0,0,26,39.03884,-123.09614,3.1,4,39,3,7/13/2018,James I,7/13/2018 14:00
3474,35755,P4,18,194,12,0,0,25,39.03947,-123.09132,3.7,3,33,2,7/13/2018,James I,7/13/2018 12:00
3475,35755,P4,18,194,8,0,15,21,39.04547,-123.09851,5.2,3,53,2,7/13/2018,James I,7/13/2018 8:00
3476,35755,P4,18,194,6,0,8,20,39.038,-123.09507,3.9,4,41,3,7/13/2018,James I,7/13/2018 6:00
3477,35755,P4,18,194,4,0,12,19,39.03947,-123.09371,1.4,8,39,3,7/13/2018,James I,7/13/2018 4:00
3478,35755,P4,18,194,2,0,6,19,39.0383,-123.09189,1.1,7,38,3,7/13/2018,James I,7/13/2018 2:00
3479,35755,P4,18,194,0,0,9,19,39.03742,-123.09214,1.1,7,40,3,7/13/2018,James I,7/13/2018 0:00
3480,35755,P4,18,193,22,0,14,21,39.03655,-123.09218,1.4,6,37,3,7/12/2018,James I,7/12/2018 22:00
3481,35755,P4,18,193,20,0,6,22,39.03754,-123.09484,4.4,4,43,3,7/12/2018,James I,7/12/2018 20:00
3482,35755,P4,18,193,18,0,8,25,39.03848,-123.09531,1.3,8,41,3,7/12/2018,James I,7/12/2018 18:00
3483,35755,P4,18,193,16,0,0,27,39.03894,-123.09546,1.2,8,42,3,7/12/2018,James I,7/12/2018 16:00
3484,35755,P4,18,193,14,0,2,27,39.03892,-123.09545,1.9,5,39,3,7/12/2018,James I,7/12/2018 14:00
3485,35755,P4,18,193,12,0,14,26,39.03893,-123.09552,2.3,4,40,3,7/12/2018,James I,7/12/2018 12:00
3486,35755,P4,18,193,10,0,4,24,39.04035,-123.09746,2,5,39,3,7/12/2018,James I,7/12/2018 10:00
3487,35755,P4,18,193,8,0,15,19,39.04101,-123.09721,1.2,8,41,3,7/12/2018,James I,7/12/2018 8:00
3488,35755,P4,18,193,6,0,7,18,39.04128,-123.09732,4.2,4,39,3,7/12/2018,James I,7/12/2018 6:00
3489,35755,P4,18,193,4,0,10,18,39.04127,-123.09718,1.7,6,43,3,7/12/2018,James I,7/12/2018 4:00
3490,35755,P4,18,193,2,0,4,18,39.04065,-123.09433,1.4,6,38,3,7/12/2018,James I,7/12/2018 2:00
3491,35755,P4,18,193,0,0,11,18,39.03941,-123.0937,1.6,7,43,3,7/12/2018,James I,7/12/2018 0:00
3492,35755,P4,18,192,22,0,21,18,39.03826,-123.09473,1.5,7,51,3,7/11/2018,James I,7/11/2018 22:00
3493,35755,P4,18,192,20,0,10,21,39.04019,-123.09586,3.9,4,38,3,7/11/2018,James I,7/11/2018 20:00
3494,35755,P4,18,192,18,0,20,26,39.03973,-123.09531,1.1,9,41,3,7/11/2018,James I,7/11/2018 18:00
3495,35755,P4,18,192,16,0,1,30,39.03889,-123.09548,1.2,8,42,3,7/11/2018,James I,7/11/2018 16:00
3496,35755,P4,18,192,14,0,0,29,39.0389,-123.09549,1.1,7,38,3,7/11/2018,James I,7/11/2018 14:00
3497,35755,P4,18,192,12,0,3,28,39.0389,-123.09561,2.6,5,40,3,7/11/2018,James I,7/11/2018 12:00
3498,35755,P4,18,192,10,0,4,25,39.03776,-123.09549,1.4,7,39,3,7/11/2018,James I,7/11/2018 10:00
3499,35755,P4,18,192,8,0,10,23,39.03783,-123.0953,1.3,7,42,3,7/11/2018,James I,7/11/2018 8:00
3500,35755,P4,18,192,6,0,8,19,39.03787,-123.095,1.1,6,34,3,7/11/2018,James I,7/11/2018 6:00
3501,35755,P4,18,192,2,0,12,16,39.03853,-123.09553,1.4,7,32,3,7/11/2018,James I,7/11/2018 2:00
3502,35755,P4,18,191,22,0,21,16,39.03914,-123.09552,1.4,8,38,3,7/10/2018,James I,7/10/2018 22:00
3503,35755,P4,18,191,20,0,9,19,39.03917,-123.09492,1.2,8,40,3,7/10/2018,James I,7/10/2018 20:00
3504,35755,P4,18,191,18,0,13,23,39.03972,-123.09525,1.3,8,42,3,7/10/2018,James I,7/10/2018 18:00
3505,35755,P4,18,191,16,0,8,26,39.03934,-123.09504,1.5,7,38,3,7/10/2018,James I,7/10/2018 16:00
3506,35755,P4,18,191,14,0,0,27,39.03944,-123.09503,1.3,6,44,3,7/10/2018,James I,7/10/2018 14:00
3507,35755,P4,18,191,12,0,4,27,39.03996,-123.09512,1.1,7,38,3,7/10/2018,James I,7/10/2018 12:00
3508,35755,P4,18,191,10,0,4,23,39.03989,-123.09559,2,4,40,3,7/10/2018,James I,7/10/2018 10:00
3509,35755,P4,18,191,8,0,5,21,39.03916,-123.09591,0.9,9,40,3,7/10/2018,James I,7/10/2018 8:00
3510,35755,P4,18,191,6,0,10,19,39.0397,-123.09666,1.5,7,40,3,7/10/2018,James I,7/10/2018 6:00
3511,35755,P4,18,191,4,0,15,18,39.04037,-123.09666,1.2,7,41,3,7/10/2018,James I,7/10/2018 4:00
3512,35755,P4,18,191,2,0,19,15,39.0408,-123.09513,1.7,5,40,3,7/10/2018,James I,7/10/2018 2:00
3513,35755,P4,18,191,0,0,6,18,39.03714,-123.09254,5.2,4,40,3,7/10/2018,James I,7/10/2018 0:00
3514,35755,P4,18,190,22,0,22,18,39.03688,-123.09256,1.1,9,39,3,7/9/2018,James I,7/9/2018 22:00
3515,35755,P4,18,190,20,0,9,20,39.03992,-123.09062,4.4,3,57,2,7/9/2018,James I,7/9/2018 20:00
3516,35755,P4,18,190,18,0,11,25,39.0385,-123.09535,1.3,7,41,3,7/9/2018,James I,7/9/2018 18:00
3517,35755,P4,18,190,16,0,4,27,39.03862,-123.0954,2.6,4,32,3,7/9/2018,James I,7/9/2018 16:00
3518,35755,P4,18,190,12,0,9,26,39.03894,-123.09548,1.6,6,41,3,7/9/2018,James I,7/9/2018 12:00
3519,35755,P4,18,190,10,0,3,25,39.0414,-123.09413,2.9,3,51,2,7/9/2018,James I,7/9/2018 10:00
3520,35755,P4,18,190,8,0,8,20,39.03891,-123.09624,1.2,7,39,3,7/9/2018,James I,7/9/2018 8:00
3521,35755,P4,18,190,6,0,15,17,39.03925,-123.09595,2,6,40,3,7/9/2018,James I,7/9/2018 6:00
3522,35755,P4,18,190,4,0,9,17,39.03999,-123.08894,2.9,4,59,3,7/9/2018,James I,7/9/2018 4:00
3523,35755,P4,18,190,2,0,9,20,39.03682,-123.09258,1.7,5,39,3,7/9/2018,James I,7/9/2018 2:00
3524,35755,P4,18,190,0,0,5,19,39.03687,-123.09255,7.6,4,30,3,7/9/2018,James I,7/9/2018 0:00
3525,35755,P4,18,189,20,0,10,18,39.03869,-123.09503,2.3,4,39,3,7/8/2018,James I,7/8/2018 20:00
3526,35755,P4,18,189,18,0,13,21,39.03925,-123.09552,2.9,4,40,3,7/8/2018,James I,7/8/2018 18:00
3527,35755,P4,18,189,16,1,11,26,39.0388,-123.0954,1.4,6,58,3,7/8/2018,James I,7/8/2018 16:01
3528,35755,P4,18,189,14,0,1,28,39.04233,-123.08743,6.3,3,41,2,7/8/2018,James I,7/8/2018 14:00
3529,35755,P4,18,189,12,0,4,27,39.03779,-123.09553,1.7,5,42,3,7/8/2018,James I,7/8/2018 12:00
3530,35755,P4,18,189,10,0,0,25,39.03779,-123.09554,1.6,7,43,3,7/8/2018,James I,7/8/2018 10:00
3531,35755,P4,18,189,8,0,4,19,39.03778,-123.09553,1.5,6,39,3,7/8/2018,James I,7/8/2018 8:00
3532,35755,P4,18,189,6,0,10,17,39.03829,-123.09542,1.9,6,40,3,7/8/2018,James I,7/8/2018 6:00
3533,35755,P4,18,189,4,0,19,17,39.03746,-123.09504,5.2,5,39,3,7/8/2018,James I,7/8/2018 4:00
3534,35755,P4,18,189,2,0,7,16,39.03813,-123.09435,2.6,4,40,3,7/8/2018,James I,7/8/2018 2:00
3535,35755,P4,18,189,0,0,4,17,39.03903,-123.09496,1.9,6,41,3,7/8/2018,James I,7/8/2018 0:00
3536,35755,P4,18,188,22,0,13,18,39.03982,-123.09546,4.1,4,42,3,7/7/2018,James I,7/7/2018 22:00
3537,35755,P4,18,188,20,0,14,19,39.04074,-123.09811,6.6,5,39,3,7/7/2018,James I,7/7/2018 20:00
3538,35755,P4,18,188,18,0,10,25,39.03939,-123.09799,4.5,4,37,3,7/7/2018,James I,7/7/2018 18:00
3539,35755,P4,18,188,16,0,3,27,39.02583,-123.10026,22.6,3,41,2,7/7/2018,James I,7/7/2018 16:00
3540,35755,P4,18,188,14,0,5,26,39.03878,-123.09687,1.3,6,42,3,7/7/2018,James I,7/7/2018 14:00
3541,35755,P4,18,188,12,0,7,26,39.03863,-123.09702,1.6,6,31,3,7/7/2018,James I,7/7/2018 12:00
3542,35755,P4,18,188,8,0,0,19,39.03883,-123.09613,2.3,4,31,3,7/7/2018,James I,7/7/2018 8:00
3543,35755,P4,18,188,4,0,17,16,39.03856,-123.09552,1,8,42,3,7/7/2018,James I,7/7/2018 4:00
3544,35755,P4,18,188,2,0,17,14,39.03792,-123.09435,1.6,6,39,3,7/7/2018,James I,7/7/2018 2:00
3545,35755,P4,18,188,0,0,4,14,39.0404,-123.09504,1.3,9,40,3,7/7/2018,James I,7/7/2018 0:00
3546,35755,P4,18,187,22,0,12,17,39.0407,-123.0945,1.6,7,40,3,7/6/2018,James I,7/6/2018 22:00
3547,35755,P4,18,187,20,0,6,21,39.03784,-123.09709,1.4,6,42,3,7/6/2018,James I,7/6/2018 20:00
3548,35755,P4,18,187,18,0,1,26,39.03703,-123.0974,1.1,8,40,3,7/6/2018,James I,7/6/2018 18:00
3549,35755,P4,18,187,16,0,6,27,39.037,-123.09741,1.8,6,41,3,7/6/2018,James I,7/6/2018 16:00
3550,35755,P4,18,187,14,0,15,25,39.03731,-123.09803,1.7,5,38,3,7/6/2018,James I,7/6/2018 14:00
3551,35755,P4,18,187,12,0,2,23,39.03931,-123.09848,2.1,5,40,3,7/6/2018,James I,7/6/2018 12:00
3552,35755,P4,18,187,10,0,0,23,39.03935,-123.09845,1.7,8,42,3,7/6/2018,James I,7/6/2018 10:00
3553,35755,P4,18,187,8,0,0,21,39.03933,-123.09851,1.9,5,38,3,7/6/2018,James I,7/6/2018 8:00
3554,35755,P4,18,187,6,0,2,19,39.03931,-123.09848,1.5,6,58,3,7/6/2018,James I,7/6/2018 6:00
3555,35755,P4,18,187,4,0,16,16,39.03914,-123.09874,4.8,6,41,3,7/6/2018,James I,7/6/2018 4:00
3556,35755,P4,18,187,2,0,21,14,39.0405,-123.09635,4.2,3,40,2,7/6/2018,James I,7/6/2018 2:00
3557,35755,P4,18,187,0,0,2,19,39.03811,-123.10202,2.1,6,41,3,7/6/2018,James I,7/6/2018 0:00
3558,35755,P4,18,186,22,0,16,19,39.03806,-123.10202,1.9,6,40,3,7/5/2018,James I,7/5/2018 22:00
3559,35755,P4,18,186,20,0,17,21,39.03993,-123.10175,1.4,6,39,3,7/5/2018,James I,7/5/2018 20:00
3560,35755,P4,18,186,18,0,2,25,39.04084,-123.10005,1.1,9,43,3,7/5/2018,James I,7/5/2018 18:00
3561,35755,P4,18,186,16,0,9,27,39.04088,-123.09999,3.5,4,40,3,7/5/2018,James I,7/5/2018 16:00
3562,35755,P4,18,186,14,0,0,30,39.04114,-123.10023,2.7,5,42,3,7/5/2018,James I,7/5/2018 14:00
3563,35755,P4,18,186,12,0,3,25,39.04119,-123.10034,2.9,4,51,3,7/5/2018,James I,7/5/2018 12:00
3564,35755,P4,18,186,10,0,0,20,39.04104,-123.09986,1.8,8,39,3,7/5/2018,James I,7/5/2018 10:00
3565,35755,P4,18,186,8,0,8,17,39.04099,-123.09992,1.7,6,49,3,7/5/2018,James I,7/5/2018 8:00
3566,35755,P4,18,186,4,1,1,14,39.04103,-123.09873,4.2,3,60,2,7/5/2018,James I,7/5/2018 4:01
3567,35755,P4,18,186,2,0,14,15,39.03899,-123.09881,1.6,6,34,3,7/5/2018,James I,7/5/2018 2:00
3568,35755,P4,18,185,22,0,25,16,39.03865,-123.09952,3.6,6,32,3,7/4/2018,James I,7/4/2018 22:00
3569,35755,P4,18,185,18,0,7,24,39.03933,-123.0991,2.8,4,40,3,7/4/2018,James I,7/4/2018 18:00
3570,35755,P4,18,185,16,0,1,28,39.04129,-123.09649,2.7,3,57,2,7/4/2018,James I,7/4/2018 16:00
3571,35755,P4,18,185,14,0,2,26,39.03923,-123.09844,1.7,6,44,3,7/4/2018,James I,7/4/2018 14:00
3572,35755,P4,18,185,12,0,5,21,39.03928,-123.09838,1.2,7,39,3,7/4/2018,James I,7/4/2018 12:00
3573,35755,P4,18,185,10,0,3,16,39.03977,-123.09058,6.8,3,53,2,7/4/2018,James I,7/4/2018 10:00
3574,35755,P4,18,185,8,0,2,13,39.03933,-123.09849,1.5,6,40,3,7/4/2018,James I,7/4/2018 8:00
3575,35755,P4,18,185,6,0,7,12,39.03934,-123.09851,3,5,38,3,7/4/2018,James I,7/4/2018 6:00
3576,35755,P4,18,185,4,0,2,15,39.04067,-123.09794,3.2,4,41,3,7/4/2018,James I,7/4/2018 4:00
3577,35755,P4,18,185,2,0,5,14,39.03914,-123.09858,3.2,4,43,3,7/4/2018,James I,7/4/2018 2:00
3578,35755,P4,18,185,0,0,5,15,39.03892,-123.09887,3,6,42,3,7/4/2018,James I,7/4/2018 0:00
3579,35755,P4,18,184,22,0,14,16,39.03894,-123.09886,1.5,7,38,3,7/3/2018,James I,7/3/2018 22:00
3580,35755,P4,18,184,20,0,3,21,39.03915,-123.09878,2.1,4,41,3,7/3/2018,James I,7/3/2018 20:00
3581,35755,P4,18,184,18,0,9,27,39.03922,-123.09845,1.1,7,40,3,7/3/2018,James I,7/3/2018 18:00
3582,35755,P4,18,184,16,0,1,29,39.03922,-123.09847,1.9,5,42,3,7/3/2018,James I,7/3/2018 16:00
3583,35755,P4,18,184,14,0,2,30,39.03921,-123.09848,1.6,6,45,3,7/3/2018,James I,7/3/2018 14:00
3584,35755,P4,18,184,12,0,3,26,39.03921,-123.09845,2.3,5,38,3,7/3/2018,James I,7/3/2018 12:00
3585,35755,P4,18,184,10,0,5,20,39.03923,-123.0986,2.7,5,40,3,7/3/2018,James I,7/3/2018 10:00
3586,35755,P4,18,184,8,0,0,18,39.03922,-123.09848,1.5,6,39,3,7/3/2018,James I,7/3/2018 8:00
3587,35755,P4,18,184,6,0,4,16,39.03926,-123.09845,2.6,5,42,3,7/3/2018,James I,7/3/2018 6:00
3588,35755,P4,18,184,4,0,3,17,39.03925,-123.09866,1.4,6,39,3,7/3/2018,James I,7/3/2018 4:00
3589,35755,P4,18,184,2,0,10,17,39.03903,-123.09933,1.9,5,43,3,7/3/2018,James I,7/3/2018 2:00
3590,35755,P4,18,184,0,0,8,17,39.03762,-123.10225,1.5,6,35,3,7/3/2018,James I,7/3/2018 0:00
3591,35755,P4,18,183,22,1,13,17,39.03705,-123.10211,2.4,4,60,3,7/2/2018,James I,7/2/2018 22:01
3592,35755,P4,18,183,20,0,9,23,39.03652,-123.10301,1.3,7,39,3,7/2/2018,James I,7/2/2018 20:00
3593,35755,P4,18,183,18,0,2,27,39.0362,-123.10294,1.1,8,38,3,7/2/2018,James I,7/2/2018 18:00
1095,35749,H3,18,208,22,0,22,30,39.008,-123.07881,2.3,4,57,3,7/27/2018,James III,7/27/2018 22:00
1096,35749,H3,18,208,20,0,11,34,39.00579,-123.07314,3.8,3,40,2,7/27/2018,James III,7/27/2018 20:00
1097,35749,H3,18,208,18,0,26,36,39.00954,-123.07652,2.9,4,41,3,7/27/2018,James III,7/27/2018 18:00
1098,35749,H3,18,208,16,0,21,40,39.02154,-123.08718,2.6,5,38,3,7/27/2018,James III,7/27/2018 16:00
1099,35749,H3,18,208,14,0,24,38,39.02607,-123.08978,5.5,3,41,2,7/27/2018,James III,7/27/2018 14:00
1100,35749,H3,18,208,12,0,0,39,39.02368,-123.08196,2,5,39,3,7/27/2018,James III,7/27/2018 12:00
1101,35749,H3,18,208,10,0,3,34,39.02366,-123.08218,2.5,4,40,3,7/27/2018,James III,7/27/2018 10:00
1102,35749,H3,18,208,8,0,3,31,39.02334,-123.08232,1,9,41,3,7/27/2018,James III,7/27/2018 8:00
1103,35749,H3,18,208,6,0,19,30,39.02335,-123.08233,1,8,40,3,7/27/2018,James III,7/27/2018 6:00
1104,35749,H3,18,208,4,0,10,26,39.02215,-123.0843,1.9,5,36,3,7/27/2018,James III,7/27/2018 4:00
1105,35749,H3,18,208,2,1,20,25,39.02467,-123.08417,2.7,3,60,2,7/27/2018,James III,7/27/2018 2:01
1106,35749,H3,18,208,0,0,16,25,39.02096,-123.08563,1.9,5,40,3,7/27/2018,James III,7/27/2018 0:00
1107,35749,H3,18,207,22,0,13,30,39.02099,-123.08528,1,9,39,3,7/26/2018,James III,7/26/2018 22:00
1108,35749,H3,18,207,20,0,11,30,39.02153,-123.08457,2.2,4,43,3,7/26/2018,James III,7/26/2018 20:00
1109,35749,H3,18,207,18,0,8,37,39.01572,-123.08473,7.6,3,42,2,7/26/2018,James III,7/26/2018 18:00
1110,35749,H3,18,207,16,0,14,40,39.02114,-123.08688,1.4,6,39,3,7/26/2018,James III,7/26/2018 16:00
1111,35749,H3,18,207,14,0,11,40,39.02349,-123.09117,4.2,3,44,2,7/26/2018,James III,7/26/2018 14:00
1112,35749,H3,18,207,8,0,3,30,39.02323,-123.0884,2.2,5,40,3,7/26/2018,James III,7/26/2018 8:00
1113,35749,H3,18,207,6,0,11,29,39.02326,-123.08846,1.5,5,32,3,7/26/2018,James III,7/26/2018 6:00
1114,35749,H3,18,207,2,0,15,26,39.02383,-123.08699,4.8,3,58,2,7/26/2018,James III,7/26/2018 2:00
1115,35749,H3,18,207,0,0,7,26,39.02117,-123.08512,1.2,8,41,3,7/26/2018,James III,7/26/2018 0:00
1116,35749,H3,18,206,22,0,11,30,39.02106,-123.08525,1.2,8,40,3,7/25/2018,James III,7/25/2018 22:00
1117,35749,H3,18,206,20,0,11,30,39.02117,-123.08514,1.1,9,39,3,7/25/2018,James III,7/25/2018 20:00
1118,35749,H3,18,206,18,0,9,38,39.02161,-123.08585,1.4,8,41,3,7/25/2018,James III,7/25/2018 18:00
1119,35749,H3,18,206,16,0,20,39,39.0213,-123.08692,2.4,5,39,3,7/25/2018,James III,7/25/2018 16:00
1120,35749,H3,18,206,14,0,8,40,39.02239,-123.08538,2.5,3,32,2,7/25/2018,James III,7/25/2018 14:00
1121,35749,H3,18,206,10,0,28,35,39.02152,-123.08634,1.9,4,40,3,7/25/2018,James III,7/25/2018 10:00
1122,35749,H3,18,206,8,0,3,29,39.02283,-123.08528,1.4,6,43,3,7/25/2018,James III,7/25/2018 8:00
1123,35749,H3,18,206,6,0,12,29,39.02288,-123.08533,1.8,5,32,3,7/25/2018,James III,7/25/2018 6:00
1124,35749,H3,18,206,2,0,6,25,39.02123,-123.08509,1.2,8,36,3,7/25/2018,James III,7/25/2018 2:00
1125,35749,H3,18,205,22,0,20,28,39.02129,-123.08481,1.3,8,38,3,7/24/2018,James III,7/24/2018 22:00
1126,35749,H3,18,205,20,0,13,30,39.02135,-123.08621,1,10,44,3,7/24/2018,James III,7/24/2018 20:00
1127,35749,H3,18,205,18,0,0,37,39.02153,-123.08718,1.8,6,40,3,7/24/2018,James III,7/24/2018 18:00
1128,35749,H3,18,205,16,0,10,40,39.02155,-123.0872,2.4,5,40,3,7/24/2018,James III,7/24/2018 16:00
1129,35749,H3,18,205,14,0,26,40,39.02112,-123.08678,1.8,5,40,3,7/24/2018,James III,7/24/2018 14:00
1130,35749,H3,18,205,12,0,10,39,39.02177,-123.08753,1.7,6,39,3,7/24/2018,James III,7/24/2018 12:00
1131,35749,H3,18,205,10,0,0,36,39.02182,-123.08754,1.6,6,41,3,7/24/2018,James III,7/24/2018 10:00
1132,35749,H3,18,205,8,0,7,30,39.02183,-123.08754,4.1,5,31,3,7/24/2018,James III,7/24/2018 8:00
1133,35749,H3,18,205,4,1,11,25,39.02212,-123.08638,3.3,3,58,2,7/24/2018,James III,7/24/2018 4:01
1134,35749,H3,18,205,0,0,12,28,39.02116,-123.08528,1,8,39,3,7/24/2018,James III,7/24/2018 0:00
1135,35749,H3,18,204,22,0,18,28,39.02154,-123.0857,2.1,4,41,3,7/23/2018,James III,7/23/2018 22:00
1136,35749,H3,18,204,20,0,19,30,39.02261,-123.08327,1.8,7,40,3,7/23/2018,James III,7/23/2018 20:00
1137,35749,H3,18,204,18,0,2,35,39.02321,-123.08279,2.3,6,39,3,7/23/2018,James III,7/23/2018 18:00
1138,35749,H3,18,204,16,0,18,37,39.02702,-123.08235,3.5,3,41,2,7/23/2018,James III,7/23/2018 16:00
1139,35749,H3,18,204,14,0,1,37,39.02366,-123.08207,1.1,6,39,3,7/23/2018,James III,7/23/2018 14:00
1140,35749,H3,18,204,12,0,3,36,39.02366,-123.08206,1.4,7,41,3,7/23/2018,James III,7/23/2018 12:00
1141,35749,H3,18,204,10,0,5,32,39.02343,-123.08232,1.4,7,39,3,7/23/2018,James III,7/23/2018 10:00
1142,35749,H3,18,204,8,0,5,29,39.02334,-123.08233,1.1,8,39,3,7/23/2018,James III,7/23/2018 8:00
1143,35749,H3,18,204,6,0,17,25,39.02319,-123.08252,1.5,6,41,3,7/23/2018,James III,7/23/2018 6:00
1144,35749,H3,18,204,4,0,33,23,39.0202,-123.085,2.1,5,40,3,7/23/2018,James III,7/23/2018 4:00
1145,35749,H3,18,204,2,0,25,24,39.02011,-123.08438,3.1,5,31,3,7/23/2018,James III,7/23/2018 2:00
1146,35749,H3,18,203,22,0,19,26,39.0215,-123.0866,4,4,33,3,7/22/2018,James III,7/22/2018 22:00
1147,35749,H3,18,203,18,0,15,37,39.02162,-123.0858,1.4,8,41,3,7/22/2018,James III,7/22/2018 18:00
1148,35749,H3,18,203,16,0,12,38,39.02128,-123.08493,1.3,7,40,3,7/22/2018,James III,7/22/2018 16:00
1149,35749,H3,18,203,14,0,4,37,39.02291,-123.08533,1.6,6,39,3,7/22/2018,James III,7/22/2018 14:00
1150,35749,H3,18,203,12,0,0,34,39.0222,-123.08496,3.4,3,59,2,7/22/2018,James III,7/22/2018 12:00
1151,35749,H3,18,203,10,0,27,29,39.023,-123.08535,1.5,6,40,3,7/22/2018,James III,7/22/2018 10:00
1152,35749,H3,18,203,8,0,14,28,39.02284,-123.08271,1.1,8,40,3,7/22/2018,James III,7/22/2018 8:00
1153,35749,H3,18,203,6,0,25,25,39.02283,-123.08281,3.4,5,41,3,7/22/2018,James III,7/22/2018 6:00
1154,35749,H3,18,203,4,0,6,27,39.02211,-123.08547,1.9,5,32,3,7/22/2018,James III,7/22/2018 4:00
1155,35749,H3,18,203,0,0,13,27,39.0212,-123.0852,1.3,8,40,3,7/22/2018,James III,7/22/2018 0:00
1156,35749,H3,18,202,22,0,29,27,39.0196,-123.0838,1.6,7,38,3,7/21/2018,James III,7/21/2018 22:00
1157,35749,H3,18,202,20,0,13,28,39.01087,-123.08847,9.6,3,40,2,7/21/2018,James III,7/21/2018 20:00
1158,35749,H3,18,202,18,0,4,35,39.02166,-123.08706,2.7,4,41,3,7/21/2018,James III,7/21/2018 18:00
1159,35749,H3,18,202,16,0,16,37,39.02117,-123.08692,1.4,7,38,3,7/21/2018,James III,7/21/2018 16:00
1160,35749,H3,18,202,14,0,2,38,39.0199,-123.08441,5,4,40,3,7/21/2018,James III,7/21/2018 14:00
1161,35749,H3,18,202,12,0,18,36,39.02539,-123.08232,10,3,40,2,7/21/2018,James III,7/21/2018 12:00
1162,35749,H3,18,202,10,0,6,32,39.02196,-123.08451,3.4,3,39,2,7/21/2018,James III,7/21/2018 10:00
1163,35749,H3,18,202,8,0,8,28,39.02272,-123.08472,9.8,4,41,3,7/21/2018,James III,7/21/2018 8:00
1164,35749,H3,18,202,6,0,7,27,39.02235,-123.08514,1.3,6,40,3,7/21/2018,James III,7/21/2018 6:00
1165,35749,H3,18,202,4,0,21,24,39.02184,-123.08619,1.6,5,39,3,7/21/2018,James III,7/21/2018 4:00
1166,35749,H3,18,202,2,0,14,25,39.02464,-123.08705,5.5,3,51,2,7/21/2018,James III,7/21/2018 2:00
1167,35749,H3,18,202,0,0,9,25,39.02089,-123.08552,2.5,4,41,3,7/21/2018,James III,7/21/2018 0:00
1168,35749,H3,18,201,22,0,20,28,39.02104,-123.08525,1.7,7,39,3,7/20/2018,James III,7/20/2018 22:00
1169,35749,H3,18,201,20,0,10,28,39.02103,-123.08518,2.3,5,41,3,7/20/2018,James III,7/20/2018 20:00
1170,35749,H3,18,201,18,0,2,36,39.02162,-123.0858,1,8,39,3,7/20/2018,James III,7/20/2018 18:00
1171,35749,H3,18,201,16,0,22,33,39.02186,-123.08567,2.1,4,32,3,7/20/2018,James III,7/20/2018 16:00
1172,35749,H3,18,201,12,0,0,32,39.02505,-123.08131,3.2,3,40,2,7/20/2018,James III,7/20/2018 12:00
1173,35749,H3,18,201,10,0,7,29,39.02286,-123.08529,2.5,5,36,3,7/20/2018,James III,7/20/2018 10:00
1174,35749,H3,18,201,8,1,10,25,39.02583,-123.08798,4.2,3,60,2,7/20/2018,James III,7/20/2018 8:01
1175,35749,H3,18,201,6,0,6,24,39.02274,-123.08373,1.2,9,39,3,7/20/2018,James III,7/20/2018 6:00
1176,35749,H3,18,201,4,0,17,20,39.02288,-123.08602,3,3,57,2,7/20/2018,James III,7/20/2018 4:00
1177,35749,H3,18,201,2,0,13,23,39.02392,-123.08655,4.7,3,59,2,7/20/2018,James III,7/20/2018 2:00
1178,35749,H3,18,201,0,0,10,25,39.02108,-123.08508,1.2,7,40,3,7/20/2018,James III,7/20/2018 0:00
1179,35749,H3,18,200,22,0,12,27,39.02089,-123.08506,1.3,8,39,3,7/19/2018,James III,7/19/2018 22:00
1180,35749,H3,18,200,20,0,13,30,39.02597,-123.09227,16,3,41,2,7/19/2018,James III,7/19/2018 20:00
1181,35749,H3,18,200,18,0,19,37,39.0216,-123.08583,1,8,40,3,7/19/2018,James III,7/19/2018 18:00
1182,35749,H3,18,200,16,0,12,39,39.02236,-123.08512,1.3,6,39,3,7/19/2018,James III,7/19/2018 16:00
1183,35749,H3,18,200,14,0,12,37,39.02285,-123.08535,1.2,5,40,3,7/19/2018,James III,7/19/2018 14:00
1184,35749,H3,18,200,12,0,2,35,39.02296,-123.08525,4.5,4,40,3,7/19/2018,James III,7/19/2018 12:00
1185,35749,H3,18,200,10,0,10,32,39.02293,-123.08539,1.5,5,40,3,7/19/2018,James III,7/19/2018 10:00
1186,35749,H3,18,200,8,0,3,29,39.02316,-123.08506,9,4,42,3,7/19/2018,James III,7/19/2018 8:00
1187,35749,H3,18,200,6,0,7,26,39.02297,-123.08499,3.3,6,39,3,7/19/2018,James III,7/19/2018 6:00
1188,35749,H3,18,200,4,0,23,25,39.01809,-123.09848,14.3,3,40,2,7/19/2018,James III,7/19/2018 4:00
1189,35749,H3,18,200,2,0,13,29,39.02114,-123.08512,1.3,7,40,3,7/19/2018,James III,7/19/2018 2:00
1190,35749,H3,18,200,0,0,12,26,39.02046,-123.08558,4.1,4,41,3,7/19/2018,James III,7/19/2018 0:00
1191,35749,H3,18,199,22,0,12,31,39.02096,-123.08529,1.5,8,40,3,7/18/2018,James III,7/18/2018 22:00
1192,35749,H3,18,199,20,0,18,30,39.02131,-123.08493,2.8,6,41,3,7/18/2018,James III,7/18/2018 20:00
1193,35749,H3,18,199,18,0,9,39,39.02157,-123.0858,1.4,7,39,3,7/18/2018,James III,7/18/2018 18:00
1194,35749,H3,18,199,16,0,17,39,39.02116,-123.08688,2.4,4,33,3,7/18/2018,James III,7/18/2018 16:00
1195,35749,H3,18,199,12,0,4,40,39.02119,-123.08688,1.3,5,32,3,7/18/2018,James III,7/18/2018 12:00
1196,35749,H3,18,199,8,0,0,33,39.02183,-123.08459,1,8,40,3,7/18/2018,James III,7/18/2018 8:00
1197,35749,H3,18,199,6,0,7,27,39.02181,-123.08459,1.3,7,40,3,7/18/2018,James III,7/18/2018 6:00
1198,35749,H3,18,199,4,0,14,27,39.02217,-123.08476,2,6,40,3,7/18/2018,James III,7/18/2018 4:00
1199,35749,H3,18,199,2,0,6,25,39.01235,-123.07972,9.1,3,41,2,7/18/2018,James III,7/18/2018 2:00
1200,35749,H3,18,199,0,0,16,27,39.02106,-123.08561,1,8,41,3,7/18/2018,James III,7/18/2018 0:00
1201,35749,H3,18,198,22,0,22,27,39.02076,-123.08506,1.5,7,41,3,7/17/2018,James III,7/17/2018 22:00
1202,35749,H3,18,198,20,0,13,32,39.02162,-123.08579,0.9,11,40,3,7/17/2018,James III,7/17/2018 20:00
1203,35749,H3,18,198,18,0,4,38,39.02209,-123.08791,1,8,40,3,7/17/2018,James III,7/17/2018 18:00
1204,35749,H3,18,198,16,0,17,40,39.02197,-123.08813,2.2,5,42,3,7/17/2018,James III,7/17/2018 16:00
1205,35749,H3,18,198,14,0,8,40,39.022,-123.08859,5.5,4,33,3,7/17/2018,James III,7/17/2018 14:00
1206,35749,H3,18,198,10,0,1,32,39.02215,-123.08846,1.4,5,39,3,7/17/2018,James III,7/17/2018 10:00
1207,35749,H3,18,198,8,0,12,28,39.02209,-123.08844,7,4,40,3,7/17/2018,James III,7/17/2018 8:00
1208,35749,H3,18,198,6,0,13,27,39.02151,-123.08785,0.9,9,41,3,7/17/2018,James III,7/17/2018 6:00
1209,35749,H3,18,198,4,0,32,24,39.02057,-123.08489,1.2,7,40,3,7/17/2018,James III,7/17/2018 4:00
1210,35749,H3,18,198,2,0,24,23,39.0202,-123.08508,1.7,6,39,3,7/17/2018,James III,7/17/2018 2:00
1211,35749,H3,18,198,0,0,10,25,39.02118,-123.08554,2.2,5,40,3,7/17/2018,James III,7/17/2018 0:00
1212,35749,H3,18,197,22,0,29,25,39.02457,-123.06937,20.2,3,41,2,7/16/2018,James III,7/16/2018 22:00
1213,35749,H3,18,197,20,0,9,29,39.02143,-123.08481,1.1,7,39,3,7/16/2018,James III,7/16/2018 20:00
1214,35749,H3,18,197,18,0,0,37,39.02172,-123.08638,1.5,7,41,3,7/16/2018,James III,7/16/2018 18:00
1215,35749,H3,18,197,16,0,11,38,39.02169,-123.0864,2.2,5,37,3,7/16/2018,James III,7/16/2018 16:00
1216,35749,H3,18,197,14,1,15,37,39.02206,-123.08535,2,5,60,3,7/16/2018,James III,7/16/2018 14:01
1217,35749,H3,18,197,10,0,9,33,39.0228,-123.08501,1.9,4,40,3,7/16/2018,James III,7/16/2018 10:00
1218,35749,H3,18,197,8,0,4,28,39.023,-123.08493,1.4,6,41,3,7/16/2018,James III,7/16/2018 8:00
1219,35749,H3,18,197,6,0,18,24,39.02306,-123.08489,1.7,6,39,3,7/16/2018,James III,7/16/2018 6:00
1220,35749,H3,18,197,4,0,23,22,39.02219,-123.08462,2.5,4,40,3,7/16/2018,James III,7/16/2018 4:00
1221,35749,H3,18,197,2,0,18,25,39.02115,-123.08539,1,8,40,3,7/16/2018,James III,7/16/2018 2:00
1222,35749,H3,18,197,0,0,4,26,39.02116,-123.08529,1.2,8,40,3,7/16/2018,James III,7/16/2018 0:00
1223,35749,H3,18,196,22,0,25,24,39.02105,-123.08531,1.4,8,39,3,7/15/2018,James III,7/15/2018 22:00
1224,35749,H3,18,196,20,0,26,28,39.01837,-123.08203,1.1,7,41,3,7/15/2018,James III,7/15/2018 20:00
1225,35749,H3,18,196,18,0,5,34,39.01728,-123.08033,4.1,5,40,3,7/15/2018,James III,7/15/2018 18:00
1226,35749,H3,18,196,16,0,16,36,39.01751,-123.08029,1.3,7,39,3,7/15/2018,James III,7/15/2018 16:00
1227,35749,H3,18,196,14,0,0,37,39.01755,-123.07949,2,5,43,3,7/15/2018,James III,7/15/2018 14:00
1228,35749,H3,18,196,12,0,19,34,39.01757,-123.07961,1.2,6,39,3,7/15/2018,James III,7/15/2018 12:00
1229,35749,H3,18,196,10,0,10,30,39.01761,-123.07915,2.5,4,40,3,7/15/2018,James III,7/15/2018 10:00
1230,35749,H3,18,196,8,0,8,28,39.01757,-123.07932,2.9,6,41,3,7/15/2018,James III,7/15/2018 8:00
1231,35749,H3,18,196,6,0,3,27,39.0219,-123.08752,1.7,6,40,3,7/15/2018,James III,7/15/2018 6:00
1232,35749,H3,18,196,4,0,24,25,39.02162,-123.08683,2.5,5,39,3,7/15/2018,James III,7/15/2018 4:00
1233,35749,H3,18,196,2,0,13,28,39.01969,-123.08384,1.9,4,41,3,7/15/2018,James III,7/15/2018 2:00
1234,35749,H3,18,196,0,0,11,26,39.01922,-123.08335,1.6,7,40,3,7/15/2018,James III,7/15/2018 0:00
1235,35749,H3,18,195,22,0,26,28,39.01946,-123.08374,1.2,10,39,3,7/14/2018,James III,7/14/2018 22:00
1236,35749,H3,18,195,20,0,6,31,39.02167,-123.0834,0.8,12,40,3,7/14/2018,James III,7/14/2018 20:00
1237,35749,H3,18,195,18,0,10,42,39.02127,-123.08651,1,8,40,3,7/14/2018,James III,7/14/2018 18:00
1238,35749,H3,18,195,16,0,18,37,39.02125,-123.08679,3.2,4,32,3,7/14/2018,James III,7/14/2018 16:00
1239,35749,H3,18,195,12,0,7,37,39.02207,-123.08842,1.1,7,40,3,7/14/2018,James III,7/14/2018 12:00
1240,35749,H3,18,195,10,0,3,33,39.02268,-123.08758,1.3,5,33,3,7/14/2018,James III,7/14/2018 10:00
1241,35749,H3,18,195,6,0,8,29,39.02258,-123.08766,3.9,5,39,3,7/14/2018,James III,7/14/2018 6:00
1242,35749,H3,18,195,4,0,14,24,39.02321,-123.08447,4.3,3,40,2,7/14/2018,James III,7/14/2018 4:00
1243,35749,H3,18,195,2,0,5,25,39.02217,-123.08743,1.5,5,42,3,7/14/2018,James III,7/14/2018 2:00
1244,35749,H3,18,195,0,0,13,28,39.02222,-123.0876,1.9,5,40,3,7/14/2018,James III,7/14/2018 0:00
1245,35749,H3,18,194,22,0,20,28,39.02335,-123.08772,2,6,40,3,7/13/2018,James III,7/13/2018 22:00
1246,35749,H3,18,194,20,0,15,31,39.02143,-123.08557,3.4,3,56,2,7/13/2018,James III,7/13/2018 20:00
1247,35749,H3,18,194,18,0,0,36,39.02309,-123.08785,1.4,5,43,3,7/13/2018,James III,7/13/2018 18:00
1248,35749,H3,18,194,16,0,11,34,39.02309,-123.08773,1.8,6,39,3,7/13/2018,James III,7/13/2018 16:00
1249,35749,H3,18,194,14,0,1,33,39.03027,-123.08445,7.5,3,41,2,7/13/2018,James III,7/13/2018 14:00
1250,35749,H3,18,194,12,0,0,32,39.02307,-123.08773,1.4,5,39,3,7/13/2018,James III,7/13/2018 12:00
1251,35749,H3,18,194,10,0,3,29,39.02314,-123.08782,1.3,6,47,3,7/13/2018,James III,7/13/2018 10:00
1252,35749,H3,18,194,6,1,2,30,39.02459,-123.08947,5.9,3,60,2,7/13/2018,James III,7/13/2018 6:01
1253,35749,H3,18,194,0,0,18,23,39.0211,-123.08525,1.9,5,40,3,7/13/2018,James III,7/13/2018 0:00
1254,35749,H3,18,193,22,0,26,27,39.02103,-123.08561,1.3,8,33,3,7/12/2018,James III,7/12/2018 22:00
1255,35749,H3,18,193,18,0,14,36,39.02314,-123.08785,2.7,5,40,3,7/12/2018,James III,7/12/2018 18:00
1256,35749,H3,18,193,16,0,8,37,39.02574,-123.08533,3.1,3,40,2,7/12/2018,James III,7/12/2018 16:00
1257,35749,H3,18,193,14,0,0,37,39.02311,-123.08767,2,4,40,3,7/12/2018,James III,7/12/2018 14:00
1258,35749,H3,18,193,12,0,14,36,39.02313,-123.08773,2.5,5,41,3,7/12/2018,James III,7/12/2018 12:00
1259,35749,H3,18,193,10,0,0,32,39.02313,-123.08773,1.3,5,42,3,7/12/2018,James III,7/12/2018 10:00
1260,35749,H3,18,193,8,0,20,25,39.02309,-123.08775,1.3,7,39,3,7/12/2018,James III,7/12/2018 8:00
1261,35749,H3,18,193,6,0,4,28,39.02322,-123.08837,1.1,7,40,3,7/12/2018,James III,7/12/2018 6:00
1262,35749,H3,18,193,4,0,21,23,39.02358,-123.08779,3.7,4,38,3,7/12/2018,James III,7/12/2018 4:00
1263,35749,H3,18,193,2,0,11,28,39.02212,-123.08749,1.1,7,42,3,7/12/2018,James III,7/12/2018 2:00
1264,35749,H3,18,193,0,0,12,27,39.02385,-123.08312,5.5,3,40,2,7/12/2018,James III,7/12/2018 0:00
1265,35749,H3,18,192,22,0,3,32,39.02175,-123.08768,1.5,7,39,3,7/11/2018,James III,7/11/2018 22:00
1266,35749,H3,18,192,20,0,21,30,39.02007,-123.08953,3.9,3,41,2,7/11/2018,James III,7/11/2018 20:00
1267,35749,H3,18,192,18,0,3,37,39.02351,-123.0903,2.8,3,40,2,7/11/2018,James III,7/11/2018 18:00
1268,35749,H3,18,192,16,0,17,36,39.02167,-123.08772,1.7,5,32,3,7/11/2018,James III,7/11/2018 16:00
1269,35749,H3,18,192,12,0,0,36,39.02221,-123.0884,2.4,5,41,3,7/11/2018,James III,7/11/2018 12:00
1270,35749,H3,18,192,10,0,14,32,39.02209,-123.08846,1.6,5,40,3,7/11/2018,James III,7/11/2018 10:00
1271,35749,H3,18,192,8,0,14,27,39.024,-123.08745,5.4,5,39,3,7/11/2018,James III,7/11/2018 8:00
1272,35749,H3,18,192,6,0,8,26,39.02323,-123.08834,1,8,41,3,7/11/2018,James III,7/11/2018 6:00
1273,35749,H3,18,192,4,0,6,27,39.02324,-123.08832,3.7,5,40,3,7/11/2018,James III,7/11/2018 4:00
1274,35749,H3,18,192,2,0,22,24,39.02237,-123.08865,2.6,5,39,3,7/11/2018,James III,7/11/2018 2:00
1275,35749,H3,18,192,0,0,24,25,39.02278,-123.08959,1.6,7,41,3,7/11/2018,James III,7/11/2018 0:00
1276,35749,H3,18,191,22,0,15,27,39.02619,-123.08856,4.1,6,40,3,7/10/2018,James III,7/10/2018 22:00
1277,35749,H3,18,191,20,0,14,32,39.02678,-123.08798,1.4,8,38,3,7/10/2018,James III,7/10/2018 20:00
1278,35749,H3,18,191,18,0,2,34,39.02679,-123.08817,8.6,4,41,3,7/10/2018,James III,7/10/2018 18:00
1279,35749,H3,18,191,16,0,13,33,39.0267,-123.08802,2,5,40,3,7/10/2018,James III,7/10/2018 16:00
1280,35749,H3,18,191,14,0,1,34,39.0267,-123.08805,1.2,7,39,3,7/10/2018,James III,7/10/2018 14:00
1281,35749,H3,18,191,12,0,14,33,39.02674,-123.08806,2.3,5,34,3,7/10/2018,James III,7/10/2018 12:00
1282,35749,H3,18,191,8,2,27,30,39.0255,-123.081,1.1,8,49,3,7/10/2018,James III,7/10/2018 8:02
1283,35749,H3,18,190,10,0,0,25,39.00232,-123.08748,4.7,3,40,2,7/9/2018,James III,7/9/2018 10:00
1284,35749,H3,18,190,8,1,0,24,39.00168,-123.08745,4.5,4,51,3,7/9/2018,James III,7/9/2018 8:01
1285,35749,H3,18,190,4,1,0,25,39.00154,-123.08541,3.5,3,49,2,7/9/2018,James III,7/9/2018 4:01
