"AnimalID","Latitude","Longitude","TimeStamp","Easting","Northing","Sex"
"P4",39.03098,-123.11045,"2018-07-27 22:00:00",490440.111678965,4320220.27893406,"Buck"
"P4",39.03106,-123.11151,"2018-07-27 20:00:00",490348.375304909,4320229.26858308,"Buck"
"P4",39.0329,-123.11373,"2018-07-27 18:00:00",490156.480851593,4320433.69441343,"Buck"
"P4",39.04162,-123.09873,"2018-07-27 14:00:00",491455.806100863,4321399.85278244,"Buck"
"P4",39.0418,-123.09886,"2018-07-27 10:00:00",491444.577476561,4321419.83994446,"Buck"
"P4",39.04183,-123.09885,"2018-07-27 08:00:00",491445.446502501,4321423.16816117,"Buck"
"P4",39.04284,-123.0983,"2018-07-27 06:00:00",491493.165051723,4321535.19821584,"Buck"
"P4",39.04143,-123.09702,"2018-07-27 04:00:00",491603.768768684,4321378.60888994,"Buck"
"P4",39.04006,-123.095,"2018-07-27 02:00:00",491778.423332865,4321226.39289526,"Buck"
"P4",39.04006,-123.095,"2018-07-27 00:00:00",491778.423332865,4321226.39289526,"Buck"
"P4",39.04023,-123.09517,"2018-07-26 22:00:00",491763.730772218,4321245.27349222,"Buck"
"P4",39.03897,-123.09629,"2018-07-26 20:00:00",491666.654915942,4321105.55094995,"Buck"
"P4",39.04791,-123.08974,"2018-07-26 18:00:00",492234.4985998,4322097.06039816,"Buck"
"P4",39.04296,-123.09813,"2018-07-26 16:00:00",491507.891139728,4321548.49896195,"Buck"
"P4",39.0432,-123.09815,"2018-07-26 14:00:00",491506.189090582,4321575.13409275,"Buck"
"P4",39.04489,-123.09645,"2018-07-26 12:00:00",491653.504426899,4321762.51931277,"Buck"
"P4",39.04143,-123.09691,"2018-07-26 08:01:00",491613.288307126,4321378.59874223,"Buck"
"P4",39.03988,-123.09632,"2018-07-26 06:00:00",491664.165515582,4321206.53809103,"Buck"
"P4",39.04019,-123.09519,"2018-07-26 04:00:00",491761.99527274,4321240.83642832,"Buck"
"P4",39.04006,-123.09504,"2018-07-26 02:00:00",491774.96161571,4321226.39651128,"Buck"
"P4",39.04508,-123.09938,"2018-07-26 00:00:00",491399.97394371,4321783.87693996,"Buck"
"P4",39.03937,-123.09378,"2018-07-25 22:00:00",491883.926766393,4321149.71275197,"Buck"
"P4",39.04257,-123.09548,"2018-07-25 20:00:00",491737.17509853,4321504.9758451,"Buck"
"P4",39.04297,-123.09813,"2018-07-25 18:00:00",491507.892336927,4321549.60868124,"Buck"
"P4",39.04298,-123.0982,"2018-07-25 14:00:00",491501.835778352,4321550.72493815,"Buck"
"P4",39.04323,-123.09838,"2018-07-25 12:00:00",491486.288698383,4321578.48475345,"Buck"
"P4",39.04286,-123.09845,"2018-07-25 10:00:00",491480.186523055,4321537.43169352,"Buck"
"P4",39.03996,-123.09633,"2018-07-25 06:00:00",491663.309485382,4321215.41675699,"Buck"
"P4",39.03992,-123.09554,"2018-07-25 04:00:00",491731.673833848,4321210.90577817,"Buck"
"P4",39.04007,-123.09504,"2018-07-25 02:00:00",491774.962775138,4321227.50622999,"Buck"
"P4",39.04092,-123.09426,"2018-07-25 00:00:00",491842.563993436,4321321.76208914,"Buck"
"P4",39.0422,-123.09519,"2018-07-24 22:00:00",491762.228691237,4321463.88993282,"Buck"
"P4",39.04297,-123.09704,"2018-07-24 20:00:00",491602.220261232,4321549.50748256,"Buck"
"P4",39.0424,-123.09866,"2018-07-24 18:00:00",491461.957856745,4321486.40429993,"Buck"
"P4",39.04253,-123.09862,"2018-07-24 16:00:00",491465.435100923,4321500.8268956,"Buck"
"P4",39.04253,-123.09851,"2018-07-24 14:00:00",491474.954491838,4321500.81658036,"Buck"
"P4",39.04261,-123.09859,"2018-07-24 10:00:00",491468.040920853,4321509.70183492,"Buck"
"P4",39.04254,-123.09859,"2018-07-24 08:00:00",491468.032501246,4321501.93380042,"Buck"
"P4",39.04014,-123.09515,"2018-07-24 06:00:00",491765.451179694,4321235.28421293,"Buck"
"P4",39.04004,-123.095,"2018-07-24 04:00:00",491778.421014987,4321224.17345784,"Buck"
"P4",39.04004,-123.095,"2018-07-24 02:00:00",491778.421014987,4321224.17345784,"Buck"
"P4",39.04009,-123.09516,"2018-07-24 00:00:00",491764.579946917,4321229.73652461,"Buck"
"P4",39.03993,-123.09613,"2018-07-23 22:00:00",491680.614577516,4321212.06929058,"Buck"
"P4",39.03814,-123.09456,"2018-07-23 20:00:00",491816.280740333,4321013.28726288,"Buck"
"P4",39.03826,-123.09462,"2018-07-23 18:00:00",491811.101875166,4321026.60928252,"Buck"
"P4",39.03833,-123.0947,"2018-07-23 16:00:00",491804.186351851,4321034.38451567,"Buck"
"P4",39.03866,-123.09469,"2018-07-23 14:00:00",491805.089921156,4321071.00432228,"Buck"
"P4",39.0389,-123.09548,"2018-07-23 12:00:00",491736.7476124,4321097.70903006,"Buck"
"P4",39.03788,-123.09454,"2018-07-23 10:00:00",491817.98166056,4320984.43278763,"Buck"
"P4",39.03852,-123.09535,"2018-07-23 08:00:00",491747.954176484,4321055.52792795,"Buck"
"P4",39.03864,-123.09549,"2018-07-23 06:00:00",491735.851881955,4321068.85725833,"Buck"
"P4",39.04006,-123.09498,"2018-07-23 04:00:00",491780.154191443,4321226.39108782,"Buck"
"P4",39.03996,-123.09503,"2018-07-23 02:00:00",491775.815451957,4321215.29842012,"Buck"
"P4",39.03946,-123.09546,"2018-07-23 00:00:00",491738.54371291,4321159.85145204,"Buck"
"P4",39.04119,-123.09727,"2018-07-22 22:00:00",491582.104974076,4321351.99874059,"Buck"
"P4",39.04056,-123.09803,"2018-07-22 20:00:00",491516.258051502,4321282.15705737,"Buck"
"P4",39.04145,-123.09693,"2018-07-22 18:00:00",491611.559846994,4321380.82002438,"Buck"
"P4",39.04143,-123.09691,"2018-07-22 16:00:00",491613.288307126,4321378.59874223,"Buck"
"P4",39.03592,-123.10999,"2018-07-22 14:00:00",490480.589283537,4320768.4311746,"Buck"
"P4",39.0414,-123.09695,"2018-07-22 12:00:00",491609.823108494,4321375.27327403,"Buck"
"P4",39.03859,-123.09641,"2018-07-22 10:00:00",491656.224912719,4321063.3926477,"Buck"
"P4",39.03882,-123.09614,"2018-07-22 08:00:00",491679.618962565,4321088.89144202,"Buck"
"P4",39.03914,-123.09595,"2018-07-22 06:00:00",491696.099862618,4321124.38507314,"Buck"
"P4",39.04229,-123.09746,"2018-07-22 04:00:00",491565.792868553,4321474.08543593,"Buck"
"P4",39.03974,-123.09542,"2018-07-22 02:00:00",491742.0380528,4321190.91994156,"Buck"
"P4",39.03952,-123.09378,"2018-07-22 00:00:00",491883.943927009,4321166.35853074,"Buck"
"P4",39.03947,-123.09375,"2018-07-21 22:00:00",491886.534516236,4321160.80726159,"Buck"
"P4",39.03787,-123.09432,"2018-07-21 20:00:00",491837.020539321,4320983.30330503,"Buck"
"P4",39.03957,-123.09552,"2018-07-21 18:00:00",491733.363911211,4321172.06380758,"Buck"
"P4",39.03966,-123.09554,"2018-07-21 16:00:00",491731.643530317,4321182.05309295,"Buck"
"P4",39.0404,-123.09652,"2018-07-21 12:00:00",491646.918114947,4321264.26181175,"Buck"
"P4",39.03947,-123.09278,"2018-07-21 10:00:00",491970.481854525,4321160.72119306,"Buck"
"P4",39.0399,-123.09633,"2018-07-21 06:00:00",491663.302434413,4321208.75844483,"Buck"
"P4",39.03947,-123.09378,"2018-07-21 04:00:00",491883.938206798,4321160.80993777,"Buck"
"P4",39.03941,-123.09378,"2018-07-21 02:00:00",491883.931342552,4321154.15162627,"Buck"
"P4",39.03716,-123.09246,"2018-07-21 00:00:00",491997.915274382,4320904.34805443,"Buck"
"P4",39.03693,-123.09262,"2018-07-20 22:00:00",491984.041853818,4320878.83862395,"Buck"
"P4",39.03498,-123.09053,"2018-07-20 20:00:00",492164.709211224,4320662.26155108,"Buck"
"P4",39.0385,-123.09645,"2018-07-20 18:00:00",491652.752534493,4321053.40885146,"Buck"
"P4",39.03866,-123.09645,"2018-07-20 16:00:00",491652.771359948,4321071.16434646,"Buck"
"P4",39.03872,-123.09658,"2018-07-20 14:00:00",491641.527626143,4321077.83459406,"Buck"
"P4",39.03866,-123.09649,"2018-07-20 12:00:00",491649.309574446,4321071.16801763,"Buck"
"P4",39.03974,-123.09767,"2018-07-20 10:00:00",491547.315582674,4321191.12660666,"Buck"
"P4",39.04171,-123.09746,"2018-07-20 08:00:00",491565.723906546,4321409.72172831,"Buck"
"P4",39.04159,-123.09725,"2018-07-20 06:00:00",491583.883262004,4321396.3856491,"Buck"
"P4",39.03947,-123.09469,"2018-07-20 04:00:00",491805.183486915,4321160.89152226,"Buck"
"P4",39.04368,-123.10372,"2018-07-20 02:00:00",491024.227035912,4321628.93551296,"Buck"
"P4",39.03782,-123.09128,"2018-07-20 00:00:00",492100.113593757,4320977.48632124,"Buck"
"P4",39.03783,-123.09233,"2018-07-19 22:00:00",492009.241777265,4320978.68774688,"Buck"
"P4",39.03674,-123.09279,"2018-07-19 20:00:00",491969.307400912,4320857.76897375,"Buck"
"P4",39.03718,-123.09427,"2018-07-19 18:00:00",491841.268471344,4320906.72826227,"Buck"
"P4",39.0388,-123.09535,"2018-07-19 16:00:00",491747.986745357,4321086.60004442,"Buck"
"P4",39.03866,-123.09661,"2018-07-19 12:00:00",491638.924217939,4321071.17904025,"Buck"
"P4",39.03885,-123.09613,"2018-07-19 10:00:00",491680.487925069,4321092.21968287,"Buck"
"P4",39.03896,-123.09664,"2018-07-19 08:00:00",491636.36324625,4321104.47335253,"Buck"
"P4",39.03933,-123.09619,"2018-07-19 06:00:00",491675.351585477,4321145.49166151,"Buck"
"P4",39.03983,-123.09558,"2018-07-19 04:00:00",491728.201615754,4321200.92194662,"Buck"
"P4",39.03926,-123.09466,"2018-07-19 00:00:00",491807.755546106,4321137.58473002,"Buck"
"P4",39.03887,-123.09372,"2018-07-18 22:00:00",491889.062227538,4321094.22147435,"Buck"
"P4",39.04268,-123.09755,"2018-07-18 20:00:00",491558.050663999,4321517.3728333,"Buck"
"P4",39.04204,-123.09919,"2018-07-18 18:00:00",491416.048052322,4321446.50429268,"Buck"
"P4",39.04228,-123.09874,"2018-07-18 16:00:00",491455.020195157,4321473.09518215,"Buck"
"P4",39.04224,-123.09906,"2018-07-18 14:00:00",491427.322489815,4321468.68641542,"Buck"
"P4",39.04136,-123.10183,"2018-07-18 12:00:00",491187.496612513,4321371.29584597,"Buck"
"P4",39.04221,-123.09634,"2018-07-18 10:00:00",491662.708500267,4321465.10442931,"Buck"
"P4",39.04241,-123.09868,"2018-07-18 08:00:00",491460.228259118,4321487.51589661,"Buck"
"P4",39.04079,-123.09825,"2018-07-18 06:00:00",491497.246308861,4321307.70113213,"Buck"
"P4",39.0393,-123.09854,"2018-07-18 04:00:00",491471.970000599,4321142.38018861,"Buck"
"P4",39.03924,-123.09862,"2018-07-18 02:00:00",491465.039273482,4321135.72938006,"Buck"
"P4",39.03892,-123.09889,"2018-07-18 00:00:00",491441.63380823,4321100.24375388,"Buck"
"P4",39.03889,-123.09887,"2018-07-17 22:00:00",491443.361076298,4321096.91271689,"Buck"
"P4",39.03749,-123.10154,"2018-07-17 18:00:00",491212.114223568,4320941.80667916,"Buck"
"P4",39.03744,-123.1014,"2018-07-17 16:00:00",491224.224488292,4320936.24457295,"Buck"
"P4",39.04085,-123.09994,"2018-07-17 12:00:00",491350.997575786,4321314.51877516,"Buck"
"P4",39.04182,-123.09946,"2018-07-17 10:00:00",491392.65541834,4321422.11598689,"Buck"
"P4",39.04201,-123.09918,"2018-07-17 08:00:00",491416.909827523,4321443.17419169,"Buck"
"P4",39.04207,-123.09908,"2018-07-17 06:00:00",491425.571135328,4321449.82307518,"Buck"
"P4",39.0438,-123.09672,"2018-07-17 04:00:00",491630.010803376,4321641.58469404,"Buck"
"P4",39.04233,-123.09896,"2018-07-17 02:00:00",491435.987382728,4321478.66446807,"Buck"
"P4",39.04235,-123.09891,"2018-07-16 22:01:00",491440.316804207,4321480.87920007,"Buck"
"P4",39.0524,-123.10007,"2018-07-16 16:00:00",491341.157333823,4322596.25774072,"Buck"
"P4",39.0423,-123.09873,"2018-07-16 14:00:00",491455.888006385,4321475.3136811,"Buck"
"P4",39.04201,-123.09909,"2018-07-16 12:00:00",491424.698477215,4321443.16570318,"Buck"
"P4",39.04209,-123.09908,"2018-07-16 10:00:00",491425.57355286,4321452.04251343,"Buck"
"P4",39.03857,-123.09527,"2018-07-16 08:00:00",491754.883572074,4321061.06926604,"Buck"
"P4",39.03943,-123.09599,"2018-07-16 06:00:00",491692.672059471,4321156.57056378,"Buck"
"P4",39.0399,-123.09574,"2018-07-16 04:00:00",491714.362877923,4321208.70453885,"Buck"
"P4",39.03974,-123.09561,"2018-07-16 02:00:00",491725.594822094,4321190.93720709,"Buck"
"P4",39.04006,-123.09498,"2018-07-16 00:00:00",491780.154191443,4321226.39108782,"Buck"
"P4",39.04056,-123.09433,"2018-07-15 22:00:00",491836.464633696,4321281.81849086,"Buck"
"P4",39.04034,-123.09584,"2018-07-15 20:00:00",491705.760009776,4321257.54127614,"Buck"
"P4",39.0399,-123.09576,"2018-07-15 18:00:00",491712.632015434,4321208.70636075,"Buck"
"P4",39.04016,-123.0958,"2018-07-15 16:00:00",491709.200676612,4321237.56269214,"Buck"
"P4",39.04019,-123.0958,"2018-07-15 14:00:00",491709.204182718,4321240.89184835,"Buck"
"P4",39.0389,-123.09542,"2018-07-15 10:00:00",491741.940273051,4321097.70358153,"Buck"
"P4",39.03799,-123.09502,"2018-07-15 08:00:00",491776.452528678,4320996.68297093,"Buck"
"P4",39.03805,-123.09278,"2018-07-15 06:00:00",491970.321135374,4321003.14117353,"Buck"
"P4",39.03979,-123.09531,"2018-07-15 04:00:00",491751.563631507,4321196.4585547,"Buck"
"P4",39.03927,-123.09378,"2018-07-15 02:00:00",491883.915326014,4321138.61556636,"Buck"
"P4",39.03947,-123.09371,"2018-07-15 00:00:00",491889.996262153,4321160.80369467,"Buck"
"P4",39.02473,-123.09468,"2018-07-14 22:00:00",491804.346694693,4319525.1674839,"Buck"
"P4",39.04074,-123.09447,"2018-07-14 20:00:00",491824.369453892,4321301.80600315,"Buck"
"P4",39.03977,-123.09534,"2018-07-14 18:00:00",491748.965007595,4321194.24183809,"Buck"
"P4",39.03889,-123.09553,"2018-07-14 16:00:00",491732.41922981,4321096.60385462,"Buck"
"P4",39.03893,-123.09545,"2018-07-14 14:00:00",491739.347435927,4321101.03546085,"Buck"
"P4",39.03891,-123.09546,"2018-07-14 12:00:00",491738.479663804,4321098.81693199,"Buck"
"P4",39.03889,-123.09549,"2018-07-14 10:00:00",491735.881004068,4321096.60021999,"Buck"
"P4",39.03899,-123.09586,"2018-07-14 08:00:00",491703.871286181,4321107.73108347,"Buck"
"P4",39.0397,-123.09642,"2018-07-14 06:00:00",491655.490028061,4321186.57232348,"Buck"
"P4",39.04004,-123.09515,"2018-07-14 04:00:00",491765.439571991,4321224.18702576,"Buck"
"P4",39.0392,-123.09553,"2018-07-14 02:00:00",491732.455356578,4321131.00512874,"Buck"
"P4",39.03787,-123.09441,"2018-07-14 00:00:00",491829.231435309,4320983.31138487,"Buck"
"P4",39.03843,-123.10002,"2018-07-13 22:00:00",491343.778937362,4321045.97446793,"Buck"
"P4",39.03868,-123.09666,"2018-07-13 18:00:00",491634.599344369,4321073.40307396,"Buck"
"P4",39.03867,-123.0966,"2018-07-13 16:00:00",491639.790842739,4321072.28783963,"Buck"
"P4",39.03884,-123.09614,"2018-07-13 14:00:00",491679.621308196,4321091.11087899,"Buck"
"P4",39.03947,-123.09132,"2018-07-13 12:00:00",492096.835579291,4321160.59333427,"Buck"
"P4",39.04547,-123.09851,"2018-07-13 08:00:00",491475.307839317,4321827.07410914,"Buck"
"P4",39.038,-123.09507,"2018-07-13 06:00:00",491772.126415715,4320997.79721039,"Buck"
"P4",39.03947,-123.09371,"2018-07-13 04:00:00",491889.996262153,4321160.80369467,"Buck"
"P4",39.0383,-123.09189,"2018-07-13 02:00:00",492047.374546976,4321030.80594997,"Buck"
"P4",39.03742,-123.09214,"2018-07-13 00:00:00",492025.639366767,4320933.17262719,"Buck"
"P4",39.03655,-123.09218,"2018-07-12 22:00:00",492022.079692631,4320836.63065917,"Buck"
"P4",39.03754,-123.09484,"2018-07-12 20:00:00",491791.978648552,4320946.72939229,"Buck"
"P4",39.03848,-123.09531,"2018-07-12 18:00:00",491751.411318062,4321051.08542652,"Buck"
"P4",39.03894,-123.09546,"2018-07-12 16:00:00",491738.483157372,4321102.14608748,"Buck"
"P4",39.03892,-123.09545,"2018-07-12 14:00:00",491739.346271526,4321099.92574235,"Buck"
"P4",39.03893,-123.09552,"2018-07-12 12:00:00",491733.289334393,4321101.0418198,"Buck"
"P4",39.04035,-123.09746,"2018-07-12 10:00:00",491565.562205932,4321258.79995629,"Buck"
"P4",39.04101,-123.09721,"2018-07-12 08:00:00",491587.276120478,4321332.01824916,"Buck"
"P4",39.04128,-123.09732,"2018-07-12 06:00:00",491577.788581952,4321361.99083942,"Buck"
"P4",39.04127,-123.09718,"2018-07-12 04:00:00",491589.903198225,4321360.86816726,"Buck"
"P4",39.04065,-123.09433,"2018-07-12 02:00:00",491836.474990712,4321291.80596015,"Buck"
"P4",39.03941,-123.0937,"2018-07-12 00:00:00",491890.854840244,4321154.14449168,"Buck"
"P4",39.03826,-123.09473,"2018-07-11 22:00:00",491801.581911467,4321026.61919034,"Buck"
"P4",39.04019,-123.09586,"2018-07-11 20:00:00",491704.011616477,4321240.89731862,"Buck"
"P4",39.03973,-123.09531,"2018-07-11 18:00:00",491751.556655225,4321189.80024277,"Buck"
"P4",39.03889,-123.09548,"2018-07-11 16:00:00",491736.746447634,4321096.59931157,"Buck"
"P4",39.0389,-123.09549,"2018-07-11 14:00:00",491735.882168956,4321097.70993848,"Buck"
"P4",39.0389,-123.09561,"2018-07-11 12:00:00",491725.496847646,4321097.72084695,"Buck"
"P4",39.03776,-123.09549,"2018-07-11 10:00:00",491735.74937337,4320971.20204277,"Buck"
"P4",39.03783,-123.0953,"2018-07-11 08:00:00",491752.201200791,4320978.95282714,"Buck"
"P4",39.03787,-123.095,"2018-07-11 06:00:00",491778.169531127,4320983.36454349,"Buck"
"P4",39.03853,-123.09553,"2018-07-11 02:00:00",491732.37727645,4321056.6539902,"Buck"
"P4",39.03914,-123.09552,"2018-07-10 22:00:00",491733.313804797,4321124.34590868,"Buck"
"P4",39.03917,-123.09492,"2018-07-10 20:00:00",491785.243709403,4321127.62071019,"Buck"
"P4",39.03972,-123.09525,"2018-07-10 18:00:00",491756.748093139,4321188.68508526,"Buck"
"P4",39.03934,-123.09504,"2018-07-10 16:00:00",491774.878137578,4321146.49676908,"Buck"
"P4",39.03944,-123.09503,"2018-07-10 14:00:00",491775.755168539,4321157.59305076,"Buck"
"P4",39.03996,-123.09512,"2018-07-10 12:00:00",491768.026577377,4321215.30656087,"Buck"
"P4",39.03989,-123.09559,"2018-07-10 10:00:00",491727.343180451,4321207.58116806,"Buck"
"P4",39.03916,-123.09591,"2018-07-10 08:00:00",491699.56396472,4321126.60085959,"Buck"
"P4",39.0397,-123.09666,"2018-07-10 06:00:00",491634.719619537,4321186.59436661,"Buck"
"P4",39.04037,-123.09666,"2018-07-10 04:00:00",491634.798625262,4321260.94552062,"Buck"
"P4",39.0408,-123.09513,"2018-07-10 02:00:00",491767.258631685,4321308.52384272,"Buck"
"P4",39.03714,-123.09254,"2018-07-10 00:00:00",491990.989299445,4320902.13565824,"Buck"
"P4",39.03688,-123.09256,"2018-07-09 22:00:00",491989.229013094,4320873.2847483,"Buck"
"P4",39.03992,-123.09062,"2018-07-09 20:00:00",492157.465879266,4321210.47008889,"Buck"
"P4",39.0385,-123.09535,"2018-07-09 18:00:00",491747.951850143,4321053.30849112,"Buck"
"P4",39.03862,-123.0954,"2018-07-09 16:00:00",491743.638573912,4321066.6296491,"Buck"
"P4",39.03894,-123.09548,"2018-07-09 12:00:00",491736.752271466,4321102.14790404,"Buck"
"P4",39.0414,-123.09413,"2018-07-09 10:00:00",491853.869558712,4321375.01694692,"Buck"
"P4",39.03891,-123.09624,"2018-07-09 08:00:00",491670.975084674,4321098.88805971,"Buck"
"P4",39.03925,-123.09595,"2018-07-09 06:00:00",491696.112738196,4321136.5919772,"Buck"
"P4",39.03999,-123.08894,"2018-07-09 04:00:00",492302.865877282,4321218.09462197,"Buck"
"P4",39.03682,-123.09258,"2018-07-09 02:00:00",491987.491300925,4320866.62820115,"Buck"
"P4",39.03687,-123.09255,"2018-07-09 00:00:00",491990.093352188,4320872.17414968,"Buck"
"P4",39.03869,-123.09503,"2018-07-08 20:00:00",491775.668222499,4321074.36416172,"Buck"
"P4",39.03925,-123.09552,"2018-07-08 18:00:00",491733.326622672,4321136.55281271,"Buck"
"P4",39.0388,-123.0954,"2018-07-08 16:01:00",491743.659522047,4321086.60458129,"Buck"
"P4",39.04233,-123.08743,"2018-07-08 14:00:00",492433.795411677,4321477.64215222,"Buck"
"P4",39.03779,-123.09553,"2018-07-08 12:00:00",491732.291040016,4320974.53483221,"Buck"
"P4",39.03779,-123.09554,"2018-07-08 10:00:00",491731.425583033,4320974.5357411,"Buck"
"P4",39.03778,-123.09553,"2018-07-08 08:00:00",491732.289874668,4320973.42511393,"Buck"
"P4",39.03829,-123.09542,"2018-07-08 06:00:00",491741.869267445,4321030.01075709,"Buck"
"P4",39.03746,-123.09504,"2018-07-08 04:00:00",491774.660173048,4320937.86971106,"Buck"
"P4",39.03813,-123.09435,"2018-07-08 02:00:00",491834.45409624,4321012.15867359,"Buck"
"P4",39.03903,-123.09496,"2018-07-08 00:00:00",491781.765730838,4321112.08826376,"Buck"
"P4",39.03982,-123.09546,"2018-07-07 22:00:00",491738.585636375,4321199.80132283,"Buck"
"P4",39.04074,-123.09811,"2018-07-07 20:00:00",491509.356209969,4321302.13946077,"Buck"
"P4",39.03939,-123.09799,"2018-07-07 18:00:00",491519.579880935,4321152.31623798,"Buck"
"P4",39.02583,-123.10026,"2018-07-07 16:00:00",491321.467305097,4319647.7536182,"Buck"
"P4",39.03878,-123.09687,"2018-07-07 14:00:00",491616.436792763,4321084.5195912,"Buck"
"P4",39.03863,-123.09702,"2018-07-07 12:00:00",491603.437365841,4321067.88764887,"Buck"
"P4",39.03883,-123.09613,"2018-07-07 08:00:00",491680.485579681,4321090.0002459,"Buck"
"P4",39.03856,-123.09552,"2018-07-07 04:00:00",491733.246220142,4321059.98223668,"Buck"
"P4",39.03792,-123.09435,"2018-07-07 02:00:00",491834.429926098,4320988.85458892,"Buck"
"P4",39.0404,-123.09504,"2018-07-07 00:00:00",491775.001036392,4321264.12694853,"Buck"
"P4",39.0407,-123.0945,"2018-07-06 22:00:00",491821.768579494,4321297.36982458,"Buck"
"P4",39.03784,-123.09709,"2018-07-06 20:00:00",491597.285671867,4320980.22636065,"Buck"
"P4",39.03703,-123.0974,"2018-07-06 18:00:00",491570.360283822,4320890.36786427,"Buck"
"P4",39.037,-123.09741,"2018-07-06 16:00:00",491569.491252773,4320887.03963651,"Buck"
"P4",39.03731,-123.09803,"2018-07-06 14:00:00",491515.869392271,4320921.49853962,"Buck"
"P4",39.03931,-123.09848,"2018-07-06 12:00:00",491477.163833446,4321143.48428398,"Buck"
"P4",39.03935,-123.09845,"2018-07-06 10:00:00",491479.764952849,4321147.92034804,"Buck"
"P4",39.03933,-123.09851,"2018-07-06 08:00:00",491474.569921555,4321145.70653235,"Buck"
"P4",39.03931,-123.09848,"2018-07-06 06:00:00",491477.163833446,4321143.48428398,"Buck"
"P4",39.03914,-123.09874,"2018-07-06 04:00:00",491454.641956315,4321124.64346021,"Buck"
"P4",39.0405,-123.09635,"2018-07-06 02:00:00",491661.642096657,4321275.34340271,"Buck"
"P4",39.03811,-123.10202,"2018-07-06 00:00:00",491170.649271212,4321010.65569391,"Buck"
"P4",39.03806,-123.10202,"2018-07-05 22:00:00",491170.643048582,4321005.107102,"Buck"
"P4",39.03993,-123.10175,"2018-07-05 20:00:00",491194.242414162,4321212.59830038,"Buck"
"P4",39.04084,-123.10005,"2018-07-05 18:00:00",491341.476738763,4321313.41952103,"Buck"
"P4",39.04088,-123.09999,"2018-07-05 16:00:00",491346.674136904,4321317.85268714,"Buck"
"P4",39.04114,-123.10023,"2018-07-05 14:00:00",491325.935865364,4321346.72823772,"Buck"
"P4",39.04119,-123.10034,"2018-07-05 12:00:00",491316.422408375,4321352.28732765,"Buck"
"P4",39.04104,-123.09986,"2018-07-05 10:00:00",491357.944079992,4321335.59583099,"Buck"
"P4",39.04099,-123.09992,"2018-07-05 08:00:00",491352.745480908,4321330.05293842,"Buck"
"P4",39.04103,-123.09873,"2018-07-05 04:01:00",491455.735036757,4321334.3793628,"Buck"
"P4",39.03899,-123.09881,"2018-07-05 02:00:00",491448.565791692,4321108.00426007,"Buck"
"P4",39.03865,-123.09952,"2018-07-04 22:00:00",491387.078106202,4321070.34081463,"Buck"
"P4",39.03933,-123.0991,"2018-07-04 18:00:00",491423.509066905,4321145.76199294,"Buck"
"P4",39.04129,-123.09649,"2018-07-04 16:00:00",491649.619155561,4321363.02403677,"Buck"
"P4",39.03923,-123.09844,"2018-07-04 14:00:00",491480.615980193,4321134.60278841,"Buck"
"P4",39.03928,-123.09838,"2018-07-04 12:00:00",491485.814617548,4321140.1457638,"Buck"
"P4",39.03977,-123.09058,"2018-07-04 10:00:00",492160.911027966,4321193.82086147,"Buck"
"P4",39.03933,-123.09849,"2018-07-04 08:00:00",491476.30079798,4321145.70465813,"Buck"
"P4",39.03934,-123.09851,"2018-07-04 06:00:00",491474.571123295,4321146.81625095,"Buck"
"P4",39.04067,-123.09794,"2018-07-04 04:00:00",491524.060003366,4321294.35557461,"Buck"
"P4",39.03914,-123.09858,"2018-07-04 02:00:00",491468.489004818,4321124.62844214,"Buck"
"P4",39.03892,-123.09887,"2018-07-04 00:00:00",491443.364694661,4321100.24187244,"Buck"
"P4",39.03894,-123.09886,"2018-07-03 22:00:00",491444.232549878,4321102.4603689,"Buck"
"P4",39.03915,-123.09878,"2018-07-03 20:00:00",491451.181399216,4321125.75693709,"Buck"
"P4",39.03922,-123.09845,"2018-07-03 18:00:00",491479.749339754,4321133.49400642,"Buck"
"P4",39.03922,-123.09847,"2018-07-03 16:00:00",491478.018460645,4321133.49587987,"Buck"
"P4",39.03921,-123.09848,"2018-07-03 14:00:00",491477.15181972,4321132.38709817,"Buck"
"P4",39.03921,-123.09845,"2018-07-03 12:00:00",491479.748138748,4321132.38428785,"Buck"
"P4",39.03923,-123.0986,"2018-07-03 10:00:00",491466.768949267,4321134.61778518,"Buck"
"P4",39.03922,-123.09848,"2018-07-03 08:00:00",491477.153021091,4321133.49681675,"Buck"
"P4",39.03926,-123.09845,"2018-07-03 06:00:00",491479.754143778,4321137.93288073,"Buck"
"P4",39.03925,-123.09866,"2018-07-03 04:00:00",491461.578719804,4321136.8428524,"Buck"
"P4",39.03903,-123.09933,"2018-07-03 02:00:00",491403.567635728,4321112.49214573,"Buck"
"P4",39.03762,-123.10225,"2018-07-03 00:00:00",491150.682730587,4320956.30184384,"Buck"
"P4",39.03705,-123.10211,"2018-07-02 22:01:00",491162.728158486,4320893.03429468,"Buck"
"P4",39.03652,-123.10301,"2018-07-02 20:00:00",491084.769616023,4320834.30704779,"Buck"
"P4",39.0362,-123.10294,"2018-07-02 18:00:00",491090.787741173,4320798.78921224,"Buck"
"H3",39.008,-123.07881,"2018-07-27 22:00:00",493176.472009054,4317667.30624292,"Buck"
"H3",39.00579,-123.07314,"2018-07-27 20:00:00",493667.195000543,4317421.65009719,"Buck"
"H3",39.00954,-123.07652,"2018-07-27 18:00:00",493374.888491395,4317838.032822,"Buck"
"H3",39.02154,-123.08718,"2018-07-27 16:00:00",492453.219739983,4319170.51951515,"Buck"
"H3",39.02607,-123.08978,"2018-07-27 14:00:00",492228.645380055,4319673.43950467,"Buck"
"H3",39.02368,-123.08196,"2018-07-27 12:00:00",492905.305603792,4319407.57865367,"Buck"
"H3",39.02366,-123.08218,"2018-07-27 10:00:00",492886.259761068,4319405.37639819,"Buck"
"H3",39.02334,-123.08232,"2018-07-27 08:00:00",492874.108826923,4319369.87645694,"Buck"
"H3",39.02335,-123.08233,"2018-07-27 06:00:00",492873.244197768,4319370.98695551,"Buck"
"H3",39.02215,-123.0843,"2018-07-27 04:00:00",492702.591125328,4319237.97724639,"Buck"
"H3",39.02467,-123.08417,"2018-07-27 02:01:00",492714.103210434,4319517.61512694,"Buck"
"H3",39.02096,-123.08563,"2018-07-27 00:00:00",492587.335721693,4319106.02864238,"Buck"
"H3",39.02099,-123.08528,"2018-07-26 22:00:00",492617.637018525,4319109.32933627,"Buck"
"H3",39.02153,-123.08457,"2018-07-26 20:00:00",492679.154697726,4319169.19659218,"Buck"
"H3",39.01572,-123.08473,"2018-07-26 18:00:00",492664.70394136,4318524.46531873,"Buck"
"H3",39.02114,-123.08688,"2018-07-26 16:00:00",492479.147016057,4319126.1060754,"Buck"
"H3",39.02349,-123.09117,"2018-07-26 14:00:00",492108.040136124,4319387.25246975,"Buck"
"H3",39.02323,-123.0884,"2018-07-26 08:00:00",492347.791996653,4319358.16328296,"Buck"
"H3",39.02326,-123.08846,"2018-07-26 06:00:00",492342.601425737,4319361.49747656,"Buck"
"H3",39.02383,-123.08699,"2018-07-26 02:00:00",492469.910115899,4319424.62858945,"Buck"
"H3",39.02117,-123.08512,"2018-07-26 00:00:00",492631.506291546,4319129.29123932,"Buck"
"H3",39.02106,-123.08525,"2018-07-25 22:00:00",492620.24128099,4319117.09490814,"Buck"
"H3",39.02117,-123.08514,"2018-07-25 20:00:00",492629.774972269,4319129.29285892,"Buck"
"H3",39.02161,-123.08585,"2018-07-25 18:00:00",492568.359200992,4319178.17806517,"Buck"
"H3",39.0213,-123.08692,"2018-07-25 16:00:00",492475.701334965,4319143.86482298,"Buck"
"H3",39.02239,-123.08538,"2018-07-25 14:00:00",492609.12616346,4319264.69757355,"Buck"
"H3",39.02152,-123.08634,"2018-07-25 10:00:00",492525.932665548,4319168.23075912,"Buck"
"H3",39.02283,-123.08528,"2018-07-25 08:00:00",492617.828369661,4319313.51693052,"Buck"
"H3",39.02288,-123.08533,"2018-07-25 06:00:00",492613.505375591,4319319.06956473,"Buck"
"H3",39.02123,-123.08509,"2018-07-25 02:00:00",492634.109496175,4319135.94710094,"Buck"
"H3",39.02129,-123.08481,"2018-07-24 22:00:00",492658.354150784,4319142.58276485,"Buck"
"H3",39.02135,-123.08621,"2018-07-24 20:00:00",492537.168313646,4319149.35493339,"Buck"
"H3",39.02153,-123.08718,"2018-07-24 18:00:00",492453.21867687,4319169.40980002,"Buck"
"H3",39.02155,-123.0872,"2018-07-24 16:00:00",492451.489493066,4319171.63088907,"Buck"
"H3",39.02112,-123.08678,"2018-07-24 14:00:00",492487.801499731,4319123.8783856,"Buck"
"H3",39.02177,-123.08753,"2018-07-24 12:00:00",492422.946359997,4319196.07204747,"Buck"
"H3",39.02182,-123.08754,"2018-07-24 10:00:00",492422.086045209,4319201.62145604,"Buck"
"H3",39.02183,-123.08754,"2018-07-24 08:00:00",492422.087112718,4319202.73117122,"Buck"
"H3",39.02212,-123.08638,"2018-07-24 04:01:00",492522.53324587,4319234.81695567,"Buck"
"H3",39.02116,-123.08528,"2018-07-24 00:00:00",492617.654697386,4319128.19449172,"Buck"
"H3",39.02154,-123.0857,"2018-07-23 22:00:00",492581.336699675,4319170.39782023,"Buck"
"H3",39.02261,-123.08327,"2018-07-23 20:00:00",492791.799547312,4319288.94205642,"Buck"
"H3",39.02321,-123.08279,"2018-07-23 18:00:00",492833.410943169,4319355.48706624,"Buck"
"H3",39.02702,-123.08235,"2018-07-23 16:00:00",492871.881507251,4319778.25421824,"Buck"
"H3",39.02366,-123.08207,"2018-07-23 14:00:00",492895.781682929,4319405.36780468,"Buck"
"H3",39.02366,-123.08206,"2018-07-23 12:00:00",492896.647312188,4319405.36702402,"Buck"
"H3",39.02343,-123.08232,"2018-07-23 10:00:00",492874.117861915,4319379.86389599,"Buck"
"H3",39.02334,-123.08233,"2018-07-23 08:00:00",492873.243193759,4319369.87724007,"Buck"
"H3",39.02319,-123.08252,"2018-07-23 06:00:00",492856.781068781,4319353.24640618,"Buck"
"H3",39.0202,-123.085,"2018-07-23 04:00:00",492641.793665759,4319021.63917949,"Buck"
"H3",39.02011,-123.08438,"2018-07-23 02:00:00",492695.456036161,4319011.60179819,"Buck"
"H3",39.0215,-123.0866,"2018-07-22 22:00:00",492503.423513664,4319166.03271514,"Buck"
"H3",39.02162,-123.0858,"2018-07-22 18:00:00",492572.688518661,4319179.28369824,"Buck"
"H3",39.02128,-123.08493,"2018-07-22 16:00:00",492647.965217024,4319141.48273771,"Buck"
"H3",39.02291,-123.08533,"2018-07-22 14:00:00",492613.508497342,4319322.39871085,"Buck"
"H3",39.0222,-123.08496,"2018-07-22 12:00:00",492645.463558343,4319243.57895579,"Buck"
"H3",39.023,-123.08535,"2018-07-22 10:00:00",492611.786587961,4319332.38777294,"Buck"
"H3",39.02284,-123.08271,"2018-07-22 08:00:00",492840.298701637,4319314.42129967,"Buck"
"H3",39.02283,-123.08281,"2018-07-22 06:00:00",492831.641299159,4319313.31945697,"Buck"
"H3",39.02211,-123.08547,"2018-07-22 04:00:00",492601.306176853,4319233.63286,"Buck"
"H3",39.0212,-123.0852,"2018-07-22 00:00:00",492624.584131314,4319132.62686514,"Buck"
"H3",39.0196,-123.0838,"2018-07-21 22:00:00",492745.61292986,4318954.95994994,"Buck"
"H3",39.01087,-123.08847,"2018-07-21 20:00:00",492340.399233864,4317986.56232301,"Buck"
"H3",39.02166,-123.08706,"2018-07-21 18:00:00",492463.62034143,4319183.82615202,"Buck"
"H3",39.02117,-123.08692,"2018-07-21 16:00:00",492475.687555805,4319129.4385271,"Buck"
"H3",39.0199,-123.08441,"2018-07-21 14:00:00",492692.837403177,4318988.30019542,"Buck"
"H3",39.02539,-123.08232,"2018-07-21 12:00:00",492874.314628343,4319597.36816249,"Buck"
"H3",39.02196,-123.08451,"2018-07-21 10:00:00",492684.39294321,4319216.9095185,"Buck"
"H3",39.02272,-123.08472,"2018-07-21 08:00:00",492666.292811221,4319301.26478163,"Buck"
"H3",39.02235,-123.08514,"2018-07-21 06:00:00",492629.89748473,4319260.23924742,"Buck"
"H3",39.02184,-123.08619,"2018-07-21 04:00:00",492538.951129587,4319203.72933488,"Buck"
"H3",39.02464,-123.08705,"2018-07-21 02:00:00",492464.802341414,4319514.52052309,"Buck"
"H3",39.02089,-123.08552,"2018-07-21 00:00:00",492596.850705918,4319098.25168304,"Buck"
"H3",39.02104,-123.08525,"2018-07-20 22:00:00",492620.239201857,4319114.87547809,"Buck"
"H3",39.02103,-123.08518,"2018-07-20 20:00:00",492626.297791715,4319113.76008883,"Buck"
"H3",39.02162,-123.0858,"2018-07-20 18:00:00",492572.688518661,4319179.28369824,"Buck"
"H3",39.02186,-123.08567,"2018-07-20 16:00:00",492583.967095557,4319205.90625974,"Buck"
"H3",39.02505,-123.08131,"2018-07-20 12:00:00",492961.707337828,4319559.55921823,"Buck"
"H3",39.02286,-123.08529,"2018-07-20 10:00:00",492616.965850548,4319316.8468879,"Buck"
"H3",39.02583,-123.08798,"2018-07-20 08:01:00",492384.42761095,4319646.65413094,"Buck"
"H3",39.02274,-123.08373,"2018-07-20 06:00:00",492751.99328592,4319303.40489353,"Buck"
"H3",39.02288,-123.08602,"2018-07-20 04:00:00",492553.776299179,4319319.12579931,"Buck"
"H3",39.02392,-123.08655,"2018-07-20 02:00:00",492508.007212433,4319434.57971126,"Buck"
"H3",39.02108,-123.08508,"2018-07-20 00:00:00",492634.959592642,4319119.30056595,"Buck"
"H3",39.02089,-123.08506,"2018-07-19 22:00:00",492636.671206399,4319098.21436234,"Buck"
"H3",39.02597,-123.09227,"2018-07-19 20:00:00",492013.09974909,4319662.55795542,"Buck"
"H3",39.0216,-123.08583,"2018-07-19 18:00:00",492570.089462894,4319177.06671693,"Buck"
"H3",39.02236,-123.08512,"2018-07-19 16:00:00",492631.62981324,4319261.34734308,"Buck"
"H3",39.02285,-123.08535,"2018-07-19 14:00:00",492611.770975536,4319315.74204223,"Buck"
"H3",39.02296,-123.08525,"2018-07-19 12:00:00",492620.438802756,4319327.9407971,"Buck"
"H3",39.02293,-123.08539,"2018-07-19 10:00:00",492608.316749446,4319324.6230136,"Buck"
"H3",39.02316,-123.08506,"2018-07-19 08:00:00",492636.906667053,4319350.11971428,"Buck"
"H3",39.02297,-123.08499,"2018-07-19 06:00:00",492642.946422263,4319329.0294599,"Buck"
"H3",39.01809,-123.09848,"2018-07-19 04:00:00",491474.615104837,4318788.6657285,"Buck"
"H3",39.02114,-123.08512,"2018-07-19 02:00:00",492631.503177595,4319125.9620942,"Buck"
"H3",39.02046,-123.08558,"2018-07-19 00:00:00",492591.611853551,4319050.53882284,"Buck"
"H3",39.02096,-123.08529,"2018-07-18 22:00:00",492616.768236532,4319106.00100252,"Buck"
"H3",39.02131,-123.08493,"2018-07-18 20:00:00",492647.968324034,4319144.8118829,"Buck"
"H3",39.02157,-123.0858,"2018-07-18 18:00:00",492572.683287231,4319173.73512259,"Buck"
"H3",39.02116,-123.08688,"2018-07-18 16:00:00",492479.149134948,4319128.3255055,"Buck"
"H3",39.02119,-123.08688,"2018-07-18 12:00:00",492479.152313287,4319131.65465067,"Buck"
"H3",39.02183,-123.08459,"2018-07-18 08:00:00",492677.454333205,4319202.48965546,"Buck"
"H3",39.02181,-123.08459,"2018-07-18 06:00:00",492677.452270134,4319200.27022513,"Buck"
"H3",39.02217,-123.08476,"2018-07-18 04:00:00",492662.773399036,4319240.23366534,"Buck"
"H3",39.01235,-123.07972,"2018-07-18 02:00:00",493098.10514934,4318150.09996917,"Buck"
"H3",39.02106,-123.08561,"2018-07-18 00:00:00",492589.077485653,4319117.12416362,"Buck"
"H3",39.02076,-123.08506,"2018-07-17 22:00:00",492636.657722219,4319083.78806763,"Buck"
"H3",39.02162,-123.08579,"2018-07-17 20:00:00",492573.554172816,4319179.28288211,"Buck"
"H3",39.02209,-123.08791,"2018-07-17 18:00:00",492390.085876056,4319231.6146428,"Buck"
"H3",39.02197,-123.08813,"2018-07-17 16:00:00",492371.028714004,4319218.3164806,"Buck"
"H3",39.022,-123.08859,"2018-07-17 14:00:00",492331.212059619,4319221.68429063,"Buck"
"H3",39.02215,-123.08846,"2018-07-17 10:00:00",492342.481684574,4319238.31907189,"Buck"
"H3",39.02209,-123.08844,"2018-07-17 08:00:00",492344.20650903,4319231.65909765,"Buck"
"H3",39.02151,-123.08785,"2018-07-17 06:00:00",492395.217631873,4319167.24614652,"Buck"
"H3",39.02057,-123.08489,"2018-07-17 04:00:00",492651.35435287,4319062.68974216,"Buck"
"H3",39.0202,-123.08508,"2018-07-17 02:00:00",492634.868294024,4319021.64565099,"Buck"
"H3",39.02118,-123.08554,"2018-07-17 00:00:00",492595.149629783,4319130.43504585,"Buck"
"H3",39.02457,-123.06937,"2018-07-16 22:00:00",493995.207792073,4319505.43713616,"Buck"
"H3",39.02143,-123.08481,"2018-07-16 20:00:00",492658.368629696,4319158.11877595,"Buck"
"H3",39.02172,-123.08638,"2018-07-16 18:00:00",492522.491111226,4319190.42834788,"Buck"
"H3",39.02169,-123.0864,"2018-07-16 16:00:00",492520.756644537,4319187.100846,"Buck"
"H3",39.02206,-123.08535,"2018-07-16 14:01:00",492611.688750933,4319228.07453428,"Buck"
"H3",39.0228,-123.08501,"2018-07-16 10:00:00",492641.197523309,4319310.16591575,"Buck"
"H3",39.023,-123.08493,"2018-07-16 08:00:00",492648.143355514,4319332.35375691,"Buck"
"H3",39.02306,-123.08489,"2018-07-16 06:00:00",492651.612116127,4319339.00881842,"Buck"
"H3",39.02219,-123.08462,"2018-07-16 04:00:00",492674.894527045,4319242.44181714,"Buck"
"H3",39.02115,-123.08539,"2018-07-16 02:00:00",492608.131398729,4319127.09370592,"Buck"
"H3",39.02116,-123.08529,"2018-07-16 00:00:00",492616.789037623,4319128.195303,"Buck"
"H3",39.02105,-123.08531,"2018-07-15 22:00:00",492615.046274806,4319115.99006047,"Buck"
"H3",39.01837,-123.08203,"2018-07-15 20:00:00",492898.715041263,4318818.32544962,"Buck"
"H3",39.01728,-123.08033,"2018-07-15 18:00:00",493045.776215425,4318697.23530694,"Buck"
"H3",39.01751,-123.08029,"2018-07-15 16:00:00",493049.261560742,4318722.75568004,"Buck"
"H3",39.01755,-123.07949,"2018-07-15 14:00:00",493118.521777319,4318727.13374267,"Buck"
"H3",39.01757,-123.07961,"2018-07-15 12:00:00",493108.135273687,4318729.3622517,"Buck"
"H3",39.01761,-123.07915,"2018-07-15 10:00:00",493147.961495614,4318733.76637524,"Buck"
"H3",39.01757,-123.07932,"2018-07-15 08:00:00",493133.240675511,4318729.34033088,"Buck"
"H3",39.0219,-123.08752,"2018-07-15 06:00:00",492423.825886789,4319210.4975123,"Buck"
"H3",39.02162,-123.08683,"2018-07-15 04:00:00",492483.5261405,4319179.36826889,"Buck"
"H3",39.01969,-123.08384,"2018-07-15 02:00:00",492742.159415821,4318964.95057196,"Buck"
"H3",39.01922,-123.08335,"2018-07-15 00:00:00",492784.529853074,4318912.75501651,"Buck"
"H3",39.01946,-123.08374,"2018-07-14 22:00:00",492750.79270685,4318939.4191627,"Buck"
"H3",39.02167,-123.0834,"2018-07-14 20:00:00",492780.450599476,4319184.63913138,"Buck"
"H3",39.02127,-123.08651,"2018-07-14 18:00:00",492511.190150659,4319140.50185778,"Buck"
"H3",39.02125,-123.08679,"2018-07-14 16:00:00",492486.949598012,4319138.30550689,"Buck"
"H3",39.02207,-123.08842,"2018-07-14 12:00:00",492345.935649411,4319229.43798478,"Buck"
"H3",39.02268,-123.08758,"2018-07-14 10:00:00",492418.715286935,4319297.06030051,"Buck"
"H3",39.02258,-123.08766,"2018-07-14 06:00:00",492411.779467123,4319285.96981509,"Buck"
"H3",39.02321,-123.08447,"2018-07-14 04:00:00",492687.984304382,4319355.62071739,"Buck"
"H3",39.02217,-123.08743,"2018-07-14 02:00:00",492431.645530194,4319240.45233433,"Buck"
"H3",39.02222,-123.0876,"2018-07-14 00:00:00",492416.934864696,4319246.01506298,"Buck"
"H3",39.02335,-123.08772,"2018-07-13 22:00:00",492406.667981679,4319371.42290603,"Buck"
"H3",39.02143,-123.08557,"2018-07-13 20:00:00",492592.578738089,4319158.18036419,"Buck"
"H3",39.02309,-123.08785,"2018-07-13 18:00:00",492395.386897426,4319342.58116018,"Buck"
"H3",39.02309,-123.08773,"2018-07-13 16:00:00",492405.77453228,4319342.5711388,"Buck"
"H3",39.03027,-123.08445,"2018-07-13 14:00:00",492690.442710333,4320139.07867883,"Buck"
"H3",39.02307,-123.08773,"2018-07-13 12:00:00",492405.772392569,4319340.35170796,"Buck"
"H3",39.02314,-123.08782,"2018-07-13 10:00:00",492397.989160909,4319348.12723071,"Buck"
"H3",39.02459,-123.08947,"2018-07-13 06:01:00",492255.31749014,4319509.17512648,"Buck"
"H3",39.0211,-123.08525,"2018-07-13 00:00:00",492620.245439259,4319121.53376825,"Buck"
"H3",39.02103,-123.08561,"2018-07-12 22:00:00",492589.074353784,4319113.79501855,"Buck"
"H3",39.02314,-123.08785,"2018-07-12 18:00:00",492395.392254025,4319348.12973734,"Buck"
"H3",39.02574,-123.08533,"2018-07-12 16:00:00",492613.802991699,4319636.44823898,"Buck"
"H3",39.02311,-123.08767,"2018-07-12 14:00:00",492410.970487952,4319344.78556411,"Buck"
"H3",39.02313,-123.08773,"2018-07-12 12:00:00",492405.778811706,4319347.01000052,"Buck"
"H3",39.02313,-123.08773,"2018-07-12 10:00:00",492405.778811706,4319347.01000052,"Buck"
"H3",39.02309,-123.08775,"2018-07-12 08:00:00",492404.043259803,4319342.57280808,"Buck"
"H3",39.02322,-123.08837,"2018-07-12 06:00:00",492350.387822589,4319357.05104518,"Buck"
"H3",39.02358,-123.08779,"2018-07-12 04:00:00",492400.633173928,4319396.95220597,"Buck"
"H3",39.02212,-123.08749,"2018-07-12 02:00:00",492426.446310924,4319234.90874992,"Buck"
"H3",39.02385,-123.08312,"2018-07-12 00:00:00",492804.909869788,4319426.53489811,"Buck"
"H3",39.02175,-123.08768,"2018-07-11 22:00:00",492409.959436556,4319193.86511732,"Buck"
"H3",39.02007,-123.08953,"2018-07-11 20:00:00",492249.630293903,4319007.58892257,"Buck"
"H3",39.02351,-123.0903,"2018-07-11 18:00:00",492183.352268105,4319389.39680832,"Buck"
"H3",39.02167,-123.08772,"2018-07-11 16:00:00",492406.488268629,4319184.99073302,"Buck"
"H3",39.02221,-123.0884,"2018-07-11 12:00:00",492347.68203883,4319244.97231625,"Buck"
"H3",39.02209,-123.08846,"2018-07-11 10:00:00",492342.475212161,4319231.66078042,"Buck"
"H3",39.024,-123.08745,"2018-07-11 08:00:00",492430.109394035,4319443.5319204,"Buck"
"H3",39.02323,-123.08834,"2018-07-11 06:00:00",492352.985803852,4319358.15823916,"Buck"
"H3",39.02324,-123.08832,"2018-07-11 04:00:00",492354.718149973,4319359.26627412,"Buck"
"H3",39.02237,-123.08865,"2018-07-11 02:00:00",492326.058161413,4319262.74881325,"Buck"
"H3",39.02278,-123.08959,"2018-07-11 00:00:00",492244.732322681,4319308.32683178,"Buck"
"H3",39.02619,-123.08856,"2018-07-10 22:00:00",492334.261528755,4319686.65260899,"Buck"
"H3",39.02678,-123.08798,"2018-07-10 20:00:00",492384.529544007,4319752.07715484,"Buck"
"H3",39.02679,-123.08817,"2018-07-10 18:00:00",492368.084385788,4319753.2027901,"Buck"
"H3",39.0267,-123.08802,"2018-07-10 16:00:00",492381.058591235,4319743.20277438,"Buck"
"H3",39.0267,-123.08805,"2018-07-10 14:00:00",492378.461814595,4319743.20528679,"Buck"
"H3",39.02674,-123.08806,"2018-07-10 12:00:00",492377.600518242,4319747.64498893,"Buck"
"H3",39.0255,-123.081,"2018-07-10 08:02:00",492988.585771663,4319609.47249707,"Buck"
"H3",39.00232,-123.08748,"2018-07-09 10:00:00",492425.200179128,4317037.67548163,"Buck"
"H3",39.00168,-123.08745,"2018-07-09 08:01:00",492427.729626532,4316966.6514562,"Buck"
"H3",39.00154,-123.08541,"2018-07-09 04:01:00",492604.358093144,4316950.9478004,"Buck"
